<?xml version="1.0" encoding="UTF-8" ?>
<!DOCTYPE ldml SYSTEM "../../common/dtd/ldml.dtd">
<!-- Copyright © 1991-2022 Unicode, Inc.
For terms of use, see http://www.unicode.org/copyright.html
SPDX-License-Identifier: Unicode-DFS-2016
CLDR data files are interpreted according to the LDML specification (http://unicode.org/reports/tr35/)
-->
<ldml>
	<identity>
		<version number="$Revision$"/>
		<language type="en"/>
		<territory type="CA"/>
	</identity>
	<annotations>
		<annotation cp="{">brace | bracket | curly brace | curly bracket | gullwing | left curly bracket | open curly bracket</annotation>
		<annotation cp="🏻">light skin tone | skin tone</annotation>
		<annotation cp="🏼">medium-light skin tone | skin tone</annotation>
		<annotation cp="🏽">medium skin tone | skin tone</annotation>
		<annotation cp="🏾">medium-dark skin tone | skin tone</annotation>
		<annotation cp="🏿">dark skin tone | skin tone</annotation>
		<annotation cp="،">Arabic | comma</annotation>
		<annotation cp="،" type="tts">Arabic comma</annotation>
		<annotation cp="؛">Arabic | Arabic semicolon | semi-colon</annotation>
		<annotation cp="؛" type="tts">Arabic semicolon</annotation>
		<annotation cp="؟">Arabic | Arabic question mark | question | question mark</annotation>
		<annotation cp="؟" type="tts">Arabic question mark</annotation>
		<annotation cp="‘">apostrophe | curly quote | left apostrophe | quote | single quote | smart quote</annotation>
		<annotation cp="’">apostrophe | curly quote | quote | right apostrophe | single quote | smart quote</annotation>
		<annotation cp="“">curly quotes | double quote | left quotation mark | quotation | quote | smart quotation</annotation>
		<annotation cp="”">curly quotes | double quote | quotation | quote | right quotation mark | smart quotation</annotation>
		<annotation cp=")">bracket | close parenthesis | parens | parenthesis | round bracket</annotation>
		<annotation cp="[">bracket | crotchet | left square bracket | open square bracket | square bracket</annotation>
		<annotation cp="]">bracket | close square bracket | crotchet | right square bracket | square bracket</annotation>
		<annotation cp="}">brace | bracket | close curly bracket | curly brace | curly bracket | gullwing | right curly bracket</annotation>
		<annotation cp="〈">angle bracket | bracket | chevron | diamond brackets | left angle bracket | pointy bracket | tuple</annotation>
		<annotation cp="〉">angle bracket | bracket | chevron | diamond brackets | pointy bracket | right angle bracket | tuple</annotation>
		<annotation cp="《">bracket | double angle bracket | left double angle bracket</annotation>
		<annotation cp="》">bracket | double angle bracket | right double angle bracket</annotation>
		<annotation cp="「">bracket | corner bracket | left corner bracket</annotation>
		<annotation cp="」">bracket | corner bracket | right corner bracket</annotation>
		<annotation cp="『">bracket | hollow corner bracket | left hollow corner bracket</annotation>
		<annotation cp="』">bracket | hollow corner bracket | right hollow corner bracket</annotation>
		<annotation cp="【">bracket | left black lenticular bracket | lens bracket | lenticular bracket</annotation>
		<annotation cp="】">bracket | lens bracket | lenticular bracket | right black lenticular bracket</annotation>
		<annotation cp="〔">bracket | left tortoise shell bracket | open tortoise shell bracket | shell bracket | tortoise shell bracket</annotation>
		<annotation cp="〕">bracket | close tortoise shell bracket | right tortoise shell bracket | shell bracket | tortoise shell bracket</annotation>
		<annotation cp="〖">bracket | hollow lens bracket | hollow lenticular bracket | left hollow lenticular bracket</annotation>
		<annotation cp="〗">bracket | hollow lens bracket | hollow lenticular bracket | right hollow lenticular bracket</annotation>
		<annotation cp="@">ampersat | arobase | arroba | at mark | at sign | at-sign | commercial at | email | strudel</annotation>
		<annotation cp="@" type="tts">at sign</annotation>
		<annotation cp="%">per cent | per-cent | percent | percentage</annotation>
		<annotation cp="↹">leftwards arrow to bar over rightwards arrow to bar</annotation>
		<annotation cp="∂">differential | partial derivative | partial differential</annotation>
		<annotation cp="∃">existential | mathematics | quantifier | there exists</annotation>
		<annotation cp="∅">empty set | mathematics | null set | null sign | set operator</annotation>
		<annotation cp="∉">element | not an element | not an element of | set</annotation>
		<annotation cp="∉" type="tts">not an element of</annotation>
		<annotation cp="∎">end of proof | end proof | halmos | q.e.d. | qed | tombstone</annotation>
		<annotation cp="∎" type="tts">end of proof</annotation>
		<annotation cp="∑">mathematics | n-ary summation | sigma | summation</annotation>
		<annotation cp="&lt;" type="tts">less than</annotation>
		<annotation cp="&gt;">close tag | greater than | greater-than sign | tag</annotation>
		<annotation cp="&gt;" type="tts">greater than</annotation>
		<annotation cp="|">bar | line | pipe | sheffer stroke | vertical bar | vertical line</annotation>
		<annotation cp="∓">minus-or-plus | minus-plus</annotation>
		<annotation cp="∝">is proportional | proportional | proportionality</annotation>
		<annotation cp="∝" type="tts">is proportional</annotation>
		<annotation cp="∣">divides | divisor | vertical bar</annotation>
		<annotation cp="∥">parallel | parallel to</annotation>
		<annotation cp="∥" type="tts">parallel to</annotation>
		<annotation cp="∮">complex analysis | contour integral</annotation>
		<annotation cp="≃">asymptote | asymptotically equal | asymptotically equal to | mathematics</annotation>
		<annotation cp="≃" type="tts">asymptotically equal to</annotation>
		<annotation cp="≅">approximately equal | approximately equal to | congruence | equality | isomorphism | mathematics</annotation>
		<annotation cp="≅" type="tts">approximately equal to</annotation>
		<annotation cp="≈">about | almost equal | approximate | approximation | around</annotation>
		<annotation cp="≌">all equal | all equal to | equality | mathematics</annotation>
		<annotation cp="≌" type="tts">all equal to</annotation>
		<annotation cp="≣">equality | mathematics | strictly equivalent | strictly equivalent to</annotation>
		<annotation cp="≣" type="tts">strictly equivalent to</annotation>
		<annotation cp="≤">equal | equals | inequality | less than or equal to | less-than</annotation>
		<annotation cp="≤" type="tts">less than or equal to</annotation>
		<annotation cp="≥">equal | equals | greater than or equal to | greater-than | inequality</annotation>
		<annotation cp="≥" type="tts">greater than or equal to</annotation>
		<annotation cp="≳">equivalent | greater-than | greater-than or equivalent to | inequality | mathematics</annotation>
		<annotation cp="≳" type="tts">greater-than or equivalent to</annotation>
		<annotation cp="≺">mathematics | ordered set | precedes | set operator</annotation>
		<annotation cp="≻">follows | mathematics | ordered set | set operator | succeeds</annotation>
		<annotation cp="⊁">does not succeed | mathematics | ordered set | set operator</annotation>
		<annotation cp="⊃">mathematics | proper superset | set operator | superset of</annotation>
		<annotation cp="⊃" type="tts">superset of</annotation>
		<annotation cp="⊆">equal | mathematics | subset | subset of or equal to</annotation>
		<annotation cp="⊆" type="tts">subset of or equal to</annotation>
		<annotation cp="⊇">equal | mathematics | superset | superset of or equal to</annotation>
		<annotation cp="⊇" type="tts">superset of or equal to</annotation>
		<annotation cp="⊕">circled plus | direct sum | exclusive or | logic | mathematics</annotation>
		<annotation cp="⊖">circled minus | erosion | mathematics | symmetric difference</annotation>
		<annotation cp="⊗">circled times | Kronecker | product | tensor</annotation>
		<annotation cp="⊙">circled dot operator | mathematics | vector | XNOR</annotation>
		<annotation cp="⊛">circled asterisk operator</annotation>
		<annotation cp="⊞">addition-like | free additive convolution | mathematics | squared plus</annotation>
		<annotation cp="⊮">does not force | mathematics</annotation>
		<annotation cp="⊰">mathematics | ordered set | precedes under relation | set operator</annotation>
		<annotation cp="⊱">mathematics | ordered set | set operator | succeeds under relation</annotation>
		<annotation cp="⋭">does not contain as normal subgroup equal | does not contain as normal subgroup or equal | group theory | mathematics</annotation>
		<annotation cp="⋭" type="tts">does not contain as normal subgroup or equal</annotation>
		<annotation cp="⊶">original | original of</annotation>
		<annotation cp="⊶" type="tts">original of</annotation>
		<annotation cp="⋰">ellipsis | mathematics | upwards diagonal ellipsis | upwards right diagonal ellipsis</annotation>
		<annotation cp="⋰" type="tts">upwards right diagonal ellipsis</annotation>
		<annotation cp="⋱">downwards right diagonal ellipsis | ellipsis | mathematics</annotation>
		<annotation cp="⋱" type="tts">downwards right diagonal ellipsis</annotation>
		<annotation cp="■">black square | filled square</annotation>
		<annotation cp="□">hollow square | white square</annotation>
		<annotation cp="▢">hollow square with rounded corners | white square with rounded corners</annotation>
		<annotation cp="▣">hollow square containing filled square | white square containing black small square</annotation>
		<annotation cp="▦">square with orthogonal crosshatch fill</annotation>
		<annotation cp="▦" type="tts">square with orthogonal crosshatch fill</annotation>
		<annotation cp="▧">square with upper left to lower right fill</annotation>
		<annotation cp="▧" type="tts">square with upper left to lower right fill</annotation>
		<annotation cp="▨">square with upper right to lower left fill</annotation>
		<annotation cp="▨" type="tts">square with upper right to lower left fill</annotation>
		<annotation cp="▩">square with diagonal crosshatch fill</annotation>
		<annotation cp="▩" type="tts">square with diagonal crosshatch fill</annotation>
		<annotation cp="▬">black rectangle | filled rectangle</annotation>
		<annotation cp="▭">hollow rectangle | white rectangle</annotation>
		<annotation cp="▮">black vertical rectangle | filled vertical rectangle</annotation>
		<annotation cp="▰">black parallelogram | filled parallelogram</annotation>
		<annotation cp="▲">arrow | black up-pointing triangle | triangle | up</annotation>
		<annotation cp="△">hollow up-pointing triangle | white up-pointing triangle</annotation>
		<annotation cp="▴">black up-pointing small triangle | filled up-pointing small triangle</annotation>
		<annotation cp="▵">hollow up-pointing small triangle | white up-pointing small triangle</annotation>
		<annotation cp="▷">hollow right-pointing triangle | white right-pointing triangle</annotation>
		<annotation cp="▸">black right-pointing triangle | filled right-pointing small triangle</annotation>
		<annotation cp="▹">hollow right-pointing small triangle | white right-pointing small triangle</annotation>
		<annotation cp="►">black right-pointing pointer | filled right-pointing pointer</annotation>
		<annotation cp="▻">hollow right-pointing pointer | white right-pointing pointer</annotation>
		<annotation cp="▼">arrow | black down-pointing triangle | down | triangle</annotation>
		<annotation cp="▽">hollow down-pointing triangle | white down-pointing triangle</annotation>
		<annotation cp="▾">black down-pointing small triangle | filled down-pointing small triangle</annotation>
		<annotation cp="▿">hollow down-pointing small triangle | white down-pointing small triangle</annotation>
		<annotation cp="◁">hollow left-pointing triangle | white left-pointing triangle</annotation>
		<annotation cp="◂">black left-pointing small triangle | filled left-pointing small triangle</annotation>
		<annotation cp="◃">hollow left-pointing small triangle | white left-pointing small triangle</annotation>
		<annotation cp="◄">black left-pointing pointer | filled left-pointing pointer</annotation>
		<annotation cp="◅">hollow left-pointing pointer | white left-pointing pointer</annotation>
		<annotation cp="◆">black diamond | filled diamond</annotation>
		<annotation cp="◇">hollow diamond | white diamond</annotation>
		<annotation cp="◈">hollow diamond containing filled diamond | white diamond containing black small diamond</annotation>
		<annotation cp="◉">circled dot | concentric circles filled | fisheye | hollow circle containing filled circle | white circle containing black small circle</annotation>
		<annotation cp="○">circle | hollow circle | ring | white circle</annotation>
		<annotation cp="●">black circle | circle | filled circle</annotation>
		<annotation cp="◔">circle with upper-right quadrant filled</annotation>
		<annotation cp="◔" type="tts">circle with upper-right quadrant filled</annotation>
		<annotation cp="◕">circle with all but upper-left quadrant filled</annotation>
		<annotation cp="◕" type="tts">circle with all but upper-left quadrant filled</annotation>
		<annotation cp="◖">left half black circle | left half filled circle</annotation>
		<annotation cp="◗">right half black circle | right half filled circle</annotation>
		<annotation cp="◙">black square containing hollow circle | inverse hollow circle</annotation>
		<annotation cp="◜">upper-left quadrant circular arc</annotation>
		<annotation cp="◜" type="tts">upper-left quadrant circular arc</annotation>
		<annotation cp="◝">upper-right quadrant circular arc</annotation>
		<annotation cp="◝" type="tts">upper-right quadrant circular arc</annotation>
		<annotation cp="◞">lower-right quadrant circular arc</annotation>
		<annotation cp="◞" type="tts">lower-right quadrant circular arc</annotation>
		<annotation cp="◟">lower-left quadrant circular arc</annotation>
		<annotation cp="◟" type="tts">lower-left quadrant circular arc</annotation>
		<annotation cp="◢">black lower-right triangle | filled lower-right triangle</annotation>
		<annotation cp="◢" type="tts">filled lower-right triangle</annotation>
		<annotation cp="◣">black lower-left triangle | filled lower-left triangle</annotation>
		<annotation cp="◣" type="tts">filled lower-left triangle</annotation>
		<annotation cp="◤">black upper-left triangle | filled upper-left triangle</annotation>
		<annotation cp="◤" type="tts">filled upper-left triangle</annotation>
		<annotation cp="◥">black upper-right triangle | filled upper-right triangle</annotation>
		<annotation cp="◥" type="tts">filled upper-right triangle</annotation>
		<annotation cp="◯">circle | large hollow circle | large white circle | ring</annotation>
		<annotation cp="◳">hollow square with upper-right quadrant | white square with upper-right quadrant</annotation>
		<annotation cp="◳" type="tts">hollow square with upper-right quadrant</annotation>
		<annotation cp="◷">hollow circle with upper-right quadrant | white circle with upper-right quadrant</annotation>
		<annotation cp="◷" type="tts">hollow circle with upper-right quadrant</annotation>
		<annotation cp="◿">lower-right triangle | white</annotation>
		<annotation cp="◿" type="tts">lower-right triangle</annotation>
		<annotation cp="⨧">plus sign with subscript two</annotation>
		<annotation cp="⨧" type="tts">plus sign with subscript two</annotation>
		<annotation cp="⨯">vector or cross product</annotation>
		<annotation cp="⨯" type="tts">vector or cross product</annotation>
		<annotation cp="⨼">interior product | mathematics</annotation>
		<annotation cp="⩣">logical or with double underbar | mathematics</annotation>
		<annotation cp="⩣" type="tts">logical or with double underbar</annotation>
		<annotation cp="⩽">inequality | less-than or slanted equal to | mathematics</annotation>
		<annotation cp="⩽" type="tts">less-than or slanted equal to</annotation>
		<annotation cp="⪍">less-than above similar or equal</annotation>
		<annotation cp="⪍" type="tts">less-than above similar or equal</annotation>
		<annotation cp="⪚">double-line equal to or greater-than | inequality | mathematics</annotation>
		<annotation cp="⪚" type="tts">double-line equal to or greater-than</annotation>
		<annotation cp="🪪">credentials | ID | licence | security</annotation>
		<annotation cp="🫤">disappointed | meh | sceptical | unsure</annotation>
		<annotation cp="🫱">hand | right | rightward | rightwards</annotation>
		<annotation cp="🫱" type="tts">rightward hand</annotation>
		<annotation cp="🫲">hand | left | leftward | leftwards</annotation>
		<annotation cp="🫲" type="tts">leftward hand</annotation>
		<annotation cp="🛞">circle | turn | tyre</annotation>
		<annotation cp="🟰">equality | math | maths</annotation>
		<annotation cp="🙃">face | upside down | upside-down face</annotation>
		<annotation cp="😍">eye | face | love | smile | smiling face with heart eyes | smiling face with heart-eyes</annotation>
		<annotation cp="😍" type="tts">smiling face with heart eyes</annotation>
		<annotation cp="😋">delicious | face | face savouring food | savoring | savouring | smile | yum</annotation>
		<annotation cp="🤭">face with hand over mouth | oops | whoops</annotation>
		<annotation cp="😷">cold | doctor | face | face with medical mask | ill | mask | sick</annotation>
		<annotation cp="🤕">bandage | face | face with head bandage | hurt | injury</annotation>
		<annotation cp="🤧">bless you | face | gesundheit | sneeze | sneezing face</annotation>
		<annotation cp="😵‍💫">dizzy | face with spiral eyes | hypnotised | spiral | trouble | whoa</annotation>
		<annotation cp="😤">angry | face | face with steam from nose | frustration | triumph | won</annotation>
		<annotation cp="😻">cat | eye | face | heart | love | smile | smiling cat face with heart eyes | smiling cat face with heart-eyes</annotation>
		<annotation cp="😻" type="tts">smiling cat face with heart eyes</annotation>
		<annotation cp="🗨">dialogue | left speech bubble | speech</annotation>
		<annotation cp="👌">hand | OK | perfect</annotation>
		<annotation cp="🤞">cross | crossed fingers | finger | good luck | hand | luck</annotation>
		<annotation cp="🤟">hand | ILY | love you gesture | love-you gesture</annotation>
		<annotation cp="🤘">finger | hand | horns | rock on | sign of the horns</annotation>
		<annotation cp="🤙">call | call me hand | call-me hand | hand</annotation>
		<annotation cp="🤛">fist | left-facing fist | leftward</annotation>
		<annotation cp="🤜">fist | right-facing fist | rightward</annotation>
		<annotation cp="🙏">ask | folded hands | hand | high five | please | pray | thanks</annotation>
		<annotation cp="🦻">accessibility | ear with hearing aid | hard of hearing | hearing impaired</annotation>
		<annotation cp="👧">girl | young</annotation>
		<annotation cp="🧏">accessibility | deaf | deaf person | ear | hear | hearing impaired</annotation>
		<annotation cp="🧑‍⚕">care | doctor | health | health worker | healthcare | nurse | therapist</annotation>
		<annotation cp="👨‍⚕">doctor | health care | man | man health worker | nurse | therapist</annotation>
		<annotation cp="👩‍⚕">doctor | health care | nurse | therapist | woman | woman health worker</annotation>
		<annotation cp="🧑‍🚒">engine | fire | firefighter | firetruck | truck</annotation>
		<annotation cp="👨‍🚒">fire truck | firefighter | fireman | man</annotation>
		<annotation cp="👩‍🚒">engine | fire | firefighter | firetruck | firewoman | truck | woman</annotation>
		<annotation cp="🎅">celebration | Christmas | Claus | Father | Santa</annotation>
		<annotation cp="🤶">celebration | Christmas | Claus | Mother | Mrs.</annotation>
		<annotation cp="🧑‍🎄">Claus, Christmas | Mx. Claus</annotation>
		<annotation cp="🧑‍🎄" type="tts">Mx. Claus</annotation>
		<annotation cp="💇">barber | beauty | haircut | parlour | person getting haircut</annotation>
		<annotation cp="🏋">lifter | person lifting weights | weight | weightlifter</annotation>
		<annotation cp="🤹">balance | juggle | multi-task | multitask | person juggling | skill</annotation>
		<annotation cp="🤹‍♂">juggling | man | multi-task | multitask</annotation>
		<annotation cp="🤹‍♀">juggling | multi-task | multitask | woman</annotation>
		<annotation cp="👭">couple | hand | holding hands | two women holding hands | women</annotation>
		<annotation cp="👬">couple | Gemini | holding hands | men | twins | two men holding hands | zodiac</annotation>
		<annotation cp="🦳">gray | grey | hair | old | white</annotation>
		<annotation cp="🐫">Bactrian | camel | hump | two-hump camel</annotation>
		<annotation cp="🐞" type="tts">ladybug</annotation>
		<annotation cp="🌾">ear | grain | rice | sheaf | sheaf of rice</annotation>
		<annotation cp="🌰">chestnut | nut | plant</annotation>
		<annotation cp="🥐">bread | crescent roll | croissant | food | French</annotation>
		<annotation cp="🥖">baguette | bread | food | French</annotation>
		<annotation cp="🧇">breakfast | iron | unclear | vague | waffle</annotation>
		<annotation cp="🥩">chop | cut of meat | lamb chop | pork chop | steak</annotation>
		<annotation cp="🍟">French | fries</annotation>
		<annotation cp="🍟" type="tts">French fries</annotation>
		<annotation cp="🌮">Mexican | taco</annotation>
		<annotation cp="🌯">burrito | Mexican | wrap</annotation>
		<annotation cp="🧆">chick pea | chickpea | falafel | meatball</annotation>
		<annotation cp="🍥">cake | fish | fish cake with swirl | narutomaki | pastry | swirl</annotation>
		<annotation cp="🍦">cream | dessert | ice | soft | sweet</annotation>
		<annotation cp="🍬">candy | dessert | sweet | sweets</annotation>
		<annotation cp="🍶">bar | beverage | bottle | cup | drink | sake | saké</annotation>
		<annotation cp="🍴">cooking | cutlery | fork | fork and knife | knife | knife and fork</annotation>
		<annotation cp="🗻">Fuji | mount Fuji | mountain</annotation>
		<annotation cp="🗻" type="tts">mount Fuji</annotation>
		<annotation cp="🏛">classical | classical building | column</annotation>
		<annotation cp="🏪">convenience | dépanneur | store</annotation>
		<annotation cp="🗼">Tokyo | Tower</annotation>
		<annotation cp="🗼" type="tts">Tokyo Tower</annotation>
		<annotation cp="🗽">Liberty | Statue | Statue of Liberty</annotation>
		<annotation cp="🕌">Islam | mosque | Muslim | religion</annotation>
		<annotation cp="🛕">Hindu | temple</annotation>
		<annotation cp="🛕" type="tts">Hindu temple</annotation>
		<annotation cp="🕍">Jew | Jewish | religion | shul | synagogue | temple</annotation>
		<annotation cp="⛩">religion | Shinto | shrine</annotation>
		<annotation cp="⛩" type="tts">Shinto shrine</annotation>
		<annotation cp="🕋">Islam | kaaba | Kaaba | Muslim | religion</annotation>
		<annotation cp="🕋" type="tts">Kaaba</annotation>
		<annotation cp="🎡">amusement park | Ferris | theme park | wheel</annotation>
		<annotation cp="🎡" type="tts">Ferris wheel</annotation>
		<annotation cp="🚃">car | electric | railway | train | tram | trolley bus | trolleybus</annotation>
		<annotation cp="🚄">high-speed train | railway | Shinkansen | speed | train</annotation>
		<annotation cp="🚅">bullet | railway | Shinkansen | speed | train</annotation>
		<annotation cp="🚇" type="tts">subway</annotation>
		<annotation cp="🚊">car | streetcar | tram | tramcar | trolley | trolley bus | trolleybus</annotation>
		<annotation cp="🚋">car | streetcar | tram | tramcar | trolley | trolley bus | trolleybus</annotation>
		<annotation cp="🚋" type="tts">streetcar</annotation>
		<annotation cp="🚎">bus | streetcar | tram | trolley | trolleybus</annotation>
		<annotation cp="🚎" type="tts">trolley bus</annotation>
		<annotation cp="🚒" type="tts">fire truck</annotation>
		<annotation cp="🚙">recreational | sport utility | sport utility vehicle | SUV</annotation>
		<annotation cp="🚛" type="tts">semi</annotation>
		<annotation cp="🛺">auto rickshaw | tuk tuk | tuk-tuk | tuktuk</annotation>
		<annotation cp="🚏">bus | busstop | stop</annotation>
		<annotation cp="🛣" type="tts">highway</annotation>
		<annotation cp="⛽" type="tts">gas pump</annotation>
		<annotation cp="🛥" type="tts">motorboat</annotation>
		<annotation cp="🕧">12 | 12:30 | clock | half past twelve | thirty | twelve | twelve-thirty</annotation>
		<annotation cp="🕧" type="tts">twelve thirty</annotation>
		<annotation cp="🕜">1 | 1:30 | clock | half past one | one | one-thirty | thirty</annotation>
		<annotation cp="🕜" type="tts">one thirty</annotation>
		<annotation cp="🕝">2 | 2:30 | clock | half past two | thirty | two | two-thirty</annotation>
		<annotation cp="🕝" type="tts">two thirty</annotation>
		<annotation cp="🕞">3 | 3:30 | clock | half past three | thirty | three | three-thirty</annotation>
		<annotation cp="🕞" type="tts">three thirty</annotation>
		<annotation cp="🕟">4 | 4:30 | clock | four | four-thirty | half past four | thirty</annotation>
		<annotation cp="🕟" type="tts">four thirty</annotation>
		<annotation cp="🕠">5 | 5:30 | clock | five | five-thirty | half past five | thirty</annotation>
		<annotation cp="🕠" type="tts">five thirty</annotation>
		<annotation cp="🕡">6 | 6:30 | clock | half past six | six | six-thirty | thirty</annotation>
		<annotation cp="🕡" type="tts">six thirty</annotation>
		<annotation cp="🕢">7 | 7:30 | clock | half past seven | seven | seven-thirty | thirty</annotation>
		<annotation cp="🕢" type="tts">seven thirty</annotation>
		<annotation cp="🕣">8 | 8:30 | clock | eight | eight-thirty | half past eight | thirty</annotation>
		<annotation cp="🕣" type="tts">eight thirty</annotation>
		<annotation cp="🕤">9 | 9:30 | clock | half past nine | nine | nine-thirty | thirty</annotation>
		<annotation cp="🕤" type="tts">nine thirty</annotation>
		<annotation cp="🕥">10 | 10:30 | clock | half past ten | ten | ten-thirty | thirty</annotation>
		<annotation cp="🕥" type="tts">ten thirty</annotation>
		<annotation cp="🕦">11 | 11:30 | clock | eleven | eleven-thirty | half past eleven | thirty</annotation>
		<annotation cp="🕦" type="tts">eleven thirty</annotation>
		<annotation cp="🌝">bright | face | full | full-moon face | moon</annotation>
		<annotation cp="🌝" type="tts">full-moon face</annotation>
		<annotation cp="🌌">Milky | space | Way</annotation>
		<annotation cp="🌌" type="tts">Milky Way</annotation>
		<annotation cp="🎃">celebration | Halloween | jack | jack-o-lantern | jack-o’-lantern | lantern</annotation>
		<annotation cp="🎋">banner | celebration | Japanese | Tanabata tree | tree</annotation>
		<annotation cp="🎋" type="tts">Tanabata tree</annotation>
		<annotation cp="🎑">celebration | ceremony | moon | moon viewing ceremony | moon-viewing ceremony</annotation>
		<annotation cp="🎑" type="tts">moon-viewing ceremony</annotation>
		<annotation cp="🏈" type="tts">football</annotation>
		<annotation cp="🏉" type="tts">rugby</annotation>
		<annotation cp="🥏">flying disc | Frisbee | ultimate</annotation>
		<annotation cp="🏏">ball | bat | cricket | cricket match | game</annotation>
		<annotation cp="🏒" type="tts">hockey</annotation>
		<annotation cp="🤿">diving | diving mask | scuba | snorkelling</annotation>
		<annotation cp="🥌">curling rock | curling stone | game | rock</annotation>
		<annotation cp="🥌" type="tts">curling rock</annotation>
		<annotation cp="🧿">bead | charm | evil eye | nazar | nazar amulet | talisman</annotation>
		<annotation cp="🀄">game | Mahjong | Mahjong red dragon | red</annotation>
		<annotation cp="🀄" type="tts">Mahjong red dragon</annotation>
		<annotation cp="👕">clothing | shirt | t-shirt | T-shirt | tee-shirt | tshirt</annotation>
		<annotation cp="🩱">bathing suit | one-piece swimsuit | swimming costume</annotation>
		<annotation cp="🩴">beach sandal | flip-flop | sandal | thong | zōri</annotation>
		<annotation cp="🩴" type="tts">flip-flop</annotation>
		<annotation cp="🥿">ballet flat | flat shoe | pump | slip-on | slipper</annotation>
		<annotation cp="🧢" type="tts">baseball cap</annotation>
		<annotation cp="💎">diamond | gem | gem stone | gemstone | jewel</annotation>
		<annotation cp="💎" type="tts">gemstone</annotation>
		<annotation cp="📯" type="tts">post horn</annotation>
		<annotation cp="💾">computer | disk | diskette | floppy</annotation>
		<annotation cp="💷">banknote | bill | currency | money | note | pound | sterling</annotation>
		<annotation cp="✉">e-mail | email | envelope | letter</annotation>
		<annotation cp="📫">closed | closed postbox with raised flag | mail | mailbox | post | post box | postbox</annotation>
		<annotation cp="📪">closed | closed postbox with lowered flag | mail | mailbox | post | post box | postbox</annotation>
		<annotation cp="📬">mail | mailbox | open | open postbox with raised flag | post | post box | postbox</annotation>
		<annotation cp="📭">mail | mailbox | open | open postbox with lowered flag | post | post box | postbox</annotation>
		<annotation cp="📮">mail | mailbox | post | post box | postbox</annotation>
		<annotation cp="📮" type="tts">mailbox</annotation>
		<annotation cp="📐">ruler | set | set square | triangle | triangular ruler</annotation>
		<annotation cp="🔒">closed | locked | padlock</annotation>
		<annotation cp="🔓">lock | open | padlock | unlock | unlocked</annotation>
		<annotation cp="🦯">accessibility | blind | guide cane</annotation>
		<annotation cp="🩹">injury | plaster | sticking plaster</annotation>
		<annotation cp="🛋">couch | couch and lamp | hotel | lamp | sofa | sofa and lamp</annotation>
		<annotation cp="🚽">lavatory | toilet</annotation>
		<annotation cp="🪤">bait | mouse | mousetrap | snare | trap</annotation>
		<annotation cp="🪤" type="tts">mousetrap</annotation>
		<annotation cp="🪒">cut-throat | razor | sharp | shave</annotation>
		<annotation cp="🛒">basket | cart | shopping | trolley</annotation>
		<annotation cp="🚮">garbage | litter | litter bin | litter in bin sign | trash</annotation>
		<annotation cp="🚹">bathroom | lavatory | men’s | men’s room | restroom | washroom | wc</annotation>
		<annotation cp="🚺">bathroom | ladies’ room | lavatory | restroom | washroom | wc | women’s | women’s room</annotation>
		<annotation cp="🚺" type="tts">ladies’ room</annotation>
		<annotation cp="🚻">bathroom | lavatory | restroom | washroom | WC</annotation>
		<annotation cp="🚻" type="tts">washroom</annotation>
		<annotation cp="🚾">closet | lavatory | restroom | toilet | water | wc</annotation>
		<annotation cp="✡">David | Jewish | Judaism | religion | star | Star of David</annotation>
		<annotation cp="✡" type="tts">Star of David</annotation>
		<annotation cp="☯">religion | Tao | Taoist | yang | yin</annotation>
		<annotation cp="✝">Christian | cross | Latin cross | religion</annotation>
		<annotation cp="✝" type="tts">Latin cross</annotation>
		<annotation cp="☦">Christian | cross | Orthodox cross | religion</annotation>
		<annotation cp="☦" type="tts">Orthodox cross</annotation>
		<annotation cp="☪">Islam | Muslim | religion | star and crescent</annotation>
		<annotation cp="♏">Scorpio | scorpion | Scorpius | zodiac</annotation>
		<annotation cp="🔼">arrow | button | red | upward button | upwards button</annotation>
		<annotation cp="🔼" type="tts">upward button</annotation>
		<annotation cp="🔽">arrow | button | down | downward button | downwards button | red</annotation>
		<annotation cp="🔽" type="tts">downward button</annotation>
		<annotation cp="📳">cell | mobile | mode | phone | telephone | vibrate | vibration</annotation>
		<annotation cp="✖">× | cancel | heavy multiplication sign | multiplication | sign | x</annotation>
		<annotation cp="⁉">! | !? | ? | interrobang | mark | punctuation | question</annotation>
		<annotation cp="✅">✓ | button | check | mark | tick</annotation>
		<annotation cp="☑">✓ | box | check | check box with check | tick | tick box with tick</annotation>
		<annotation cp="®">r | registered | trademark</annotation>
		<annotation cp="🔠">ABCD | input | Latin | letters | uppercase</annotation>
		<annotation cp="🔠" type="tts">input Latin uppercase</annotation>
		<annotation cp="🔡">abcd | input | Latin | letters | lowercase</annotation>
		<annotation cp="🔡" type="tts">input Latin lowercase</annotation>
		<annotation cp="🔤">abc | alphabet | input | Latin | letters</annotation>
		<annotation cp="🔤" type="tts">input Latin letters</annotation>
		<annotation cp="🏁">checkered | checkered flag | chequered | chequered flag | racing</annotation>
		<annotation cp="🏁" type="tts">checkered flag</annotation>
		<annotation cp="🚩">post | red flag | triangular flag</annotation>
		<annotation cp="🏳">surrender | waving | white flag</annotation>
		<annotation cp="¢">cent | cents</annotation>
		<annotation cp="$">CAD | cash | dollar | dollars | money | peso | USD</annotation>
		<annotation cp="₢">Brazil | BRB | cruzeiro | currency</annotation>
		<annotation cp="₣">currency | franc | France | French franc</annotation>
		<annotation cp="₣" type="tts">French franc</annotation>
		<annotation cp="₤">currency | Italy | lira</annotation>
		<annotation cp="₰">currency | German penny | pfennig</annotation>
		<annotation cp="₰" type="tts">German penny</annotation>
		<annotation cp="₱">peso | pesos</annotation>
		<annotation cp="₳">ARA | Argentina | austral | currency</annotation>
		<annotation cp="₶">currency | France | livre tournois</annotation>
		<annotation cp="₹">currency | Indian rupee | rupee</annotation>
		<annotation cp="₹" type="tts">Indian rupee</annotation>
	</annotations>
</ldml>
