<?xml version="1.0" encoding="UTF-8" ?>
<!DOCTYPE ldml SYSTEM "../../common/dtd/ldml.dtd">
<!-- Copyright © 1991-2022 Unicode, Inc.
For terms of use, see http://www.unicode.org/copyright.html
SPDX-License-Identifier: Unicode-DFS-2016
CLDR data files are interpreted according to the LDML specification (http://unicode.org/reports/tr35/)
-->
<ldml>
	<identity>
		<version number="$Revision$"/>
		<language type="en"/>
		<territory type="GB"/>
	</identity>
	<annotations>
		<annotation cp="_">dash | line | low dash | underdash | underline | underscore</annotation>
		<annotation cp="_" type="tts">underscore</annotation>
		<annotation cp="." type="tts">full stop</annotation>
		<annotation cp="。">full stop | ideographic | ideographic full stop | period</annotation>
		<annotation cp="。" type="tts">ideographic full stop</annotation>
		<annotation cp="'">apostrophe | quote | single quote | straight apostrophe | typewriter apostrophe</annotation>
		<annotation cp="'" type="tts">straight apostrophe</annotation>
		<annotation cp="〈">angle bracket | bracket | chevron | diamond brackets | left angle bracket | open angle bracket | pointy bracket | tuple</annotation>
		<annotation cp="〉">angle bracket | bracket | chevron | close angle bracket | diamond brackets | pointy bracket | right angle bracket | tuple</annotation>
		<annotation cp="《">bracket | double angle bracket | left double angle bracket | open double angle bracket</annotation>
		<annotation cp="》">bracket | close double angle bracket | double angle bracket | right double angle bracket</annotation>
		<annotation cp="「">bracket | corner bracket | left corner bracket | open corner bracket</annotation>
		<annotation cp="」">bracket | close corner bracket | corner bracket | right corner bracket</annotation>
		<annotation cp="『">bracket | hollow corner bracket | left hollow corner bracket | open hollow corner bracket</annotation>
		<annotation cp="』">bracket | close hollow corner bracket | hollow corner bracket | right hollow corner bracket</annotation>
		<annotation cp="【">bracket | left black lenticular bracket | lens bracket | lenticular bracket | open black lenticular bracket</annotation>
		<annotation cp="【" type="tts">open black lenticular bracket</annotation>
		<annotation cp="】">bracket | close black lenticular bracket | lens bracket | lenticular bracket | right black lenticular bracket</annotation>
		<annotation cp="】" type="tts">close black lenticular bracket</annotation>
		<annotation cp="〖">bracket | hollow lens bracket | hollow lenticular bracket | left hollow lenticular bracket | open hollow lenticular bracket</annotation>
		<annotation cp="〖" type="tts">open hollow lenticular bracket</annotation>
		<annotation cp="〗">bracket | close hollow lenticular bracket | hollow lens bracket | hollow lenticular bracket | right hollow lenticular bracket</annotation>
		<annotation cp="〗" type="tts">close hollow lenticular bracket</annotation>
		<annotation cp="@">ampersat | arobase | arroba | at mark | at sign | commercial at | strudel</annotation>
		<annotation cp="@" type="tts">at sign</annotation>
		<annotation cp="%" type="tts">per cent</annotation>
		<annotation cp="‰">per mil | per mill | per mille | permil | permille</annotation>
		<annotation cp="†">dagger | dagger sign | dagger symbol | obelisk | obelus</annotation>
		<annotation cp="†" type="tts">dagger symbol</annotation>
		<annotation cp="‡">dagger | double | double dagger sign | double dagger symbol | obelisk | obelus</annotation>
		<annotation cp="‡" type="tts">double dagger symbol</annotation>
		<annotation cp="^">accent | caret | chevron | circumflex | hat | power | wedge</annotation>
		<annotation cp="↚">leftwards arrow with stroke</annotation>
		<annotation cp="↚" type="tts">leftwards arrow with stroke</annotation>
		<annotation cp="↛">rightwards arrow with stroke</annotation>
		<annotation cp="↛" type="tts">rightwards arrow with stroke</annotation>
		<annotation cp="↞">leftwards two-headed arrow</annotation>
		<annotation cp="↞" type="tts">leftwards two-headed arrow</annotation>
		<annotation cp="↟">upwards two-headed arrow</annotation>
		<annotation cp="↟" type="tts">upwards two-headed arrow</annotation>
		<annotation cp="↠">rightwards two-headed arrow</annotation>
		<annotation cp="↠" type="tts">rightwards two-headed arrow</annotation>
		<annotation cp="↡">downwards two-headed arrow</annotation>
		<annotation cp="↡" type="tts">downwards two-headed arrow</annotation>
		<annotation cp="↢">arrow | arrow with tail | left | leftwards arrow with tail</annotation>
		<annotation cp="↢" type="tts">leftwards arrow with tail</annotation>
		<annotation cp="↣">rightwards arrow with tail</annotation>
		<annotation cp="↣" type="tts">rightwards arrow with tail</annotation>
		<annotation cp="↨">up-down arrow with base</annotation>
		<annotation cp="↨" type="tts">up-down arrow with base</annotation>
		<annotation cp="↫">leftwards arrow with loop</annotation>
		<annotation cp="↫" type="tts">leftwards arrow with loop</annotation>
		<annotation cp="↬">rightwards arrow with loop</annotation>
		<annotation cp="↬" type="tts">rightwards arrow with loop</annotation>
		<annotation cp="↭">left-right wave arrow</annotation>
		<annotation cp="↭" type="tts">left-right wave arrow</annotation>
		<annotation cp="↰">upwards arrow with leftwards tip</annotation>
		<annotation cp="↰" type="tts">upwards arrow with leftwards tip</annotation>
		<annotation cp="↱">upwards arrow with rightwards tip</annotation>
		<annotation cp="↱" type="tts">upwards arrow with rightwards tip</annotation>
		<annotation cp="↲">downwards arrow with leftwards tip</annotation>
		<annotation cp="↲" type="tts">downwards arrow with leftwards tip</annotation>
		<annotation cp="↳">downwards arrow with rightwards tip</annotation>
		<annotation cp="↳" type="tts">downwards arrow with rightwards tip</annotation>
		<annotation cp="↴">rightwards arrow with corner downwards</annotation>
		<annotation cp="↴" type="tts">rightwards arrow with corner downwards</annotation>
		<annotation cp="↵">downwards arrow with corner leftwards</annotation>
		<annotation cp="↵" type="tts">downwards arrow with corner leftwards</annotation>
		<annotation cp="↶">anticlockwise top-semicircle arrow</annotation>
		<annotation cp="↶" type="tts">anticlockwise top-semicircle arrow</annotation>
		<annotation cp="↷">clockwise top-semicircle arrow</annotation>
		<annotation cp="↷" type="tts">clockwise top-semicircle arrow</annotation>
		<annotation cp="↸">north-west arrow to long bar</annotation>
		<annotation cp="↸" type="tts">north-west arrow to long bar</annotation>
		<annotation cp="↹" draft="provisional">leftwards over rightwards arrow bars</annotation>
		<annotation cp="↺">anticlockwise open-circle arrow</annotation>
		<annotation cp="↺" type="tts">anticlockwise open-circle arrow</annotation>
		<annotation cp="↻">clockwise open-circle arrow</annotation>
		<annotation cp="↻" type="tts">clockwise open-circle arrow</annotation>
		<annotation cp="↼">leftwards harpoon with upwards barb</annotation>
		<annotation cp="↼" type="tts">leftwards harpoon with upwards barb</annotation>
		<annotation cp="↽">leftwards harpoon with downwards barb</annotation>
		<annotation cp="↽" type="tts">leftwards harpoon with downwards barb</annotation>
		<annotation cp="↾">upwards harpoon with rightwards barb</annotation>
		<annotation cp="↾" type="tts">upwards harpoon with rightwards barb</annotation>
		<annotation cp="↿">upwards harpoon with leftwards barb</annotation>
		<annotation cp="↿" type="tts">upwards harpoon with leftwards barb</annotation>
		<annotation cp="⇀">rightwards harpoon with upwards barb</annotation>
		<annotation cp="⇀" type="tts">rightwards harpoon with upwards barb</annotation>
		<annotation cp="⇁">rightwards harpoon with downwards barb</annotation>
		<annotation cp="⇁" type="tts">rightwards harpoon with downwards barb</annotation>
		<annotation cp="⇂">downwards harpoon with rightwards barb</annotation>
		<annotation cp="⇂" type="tts">downwards harpoon with rightwards barb</annotation>
		<annotation cp="⇃">downwards harpoon with leftwards barb</annotation>
		<annotation cp="⇃" type="tts">downwards harpoon with leftwards barb</annotation>
		<annotation cp="⇍">leftwards double arrow with stroke</annotation>
		<annotation cp="⇍" type="tts">leftwards double arrow with stroke</annotation>
		<annotation cp="⇏">rightwards double arrow with stroke</annotation>
		<annotation cp="⇏" type="tts">rightwards double arrow with stroke</annotation>
		<annotation cp="⇔">left-right double arrow</annotation>
		<annotation cp="⇔" type="tts">left-right double arrow</annotation>
		<annotation cp="⇎">left-right double arrow with stroke</annotation>
		<annotation cp="⇎" type="tts">left-right double arrow with stroke</annotation>
		<annotation cp="⇖">north-west double arrow</annotation>
		<annotation cp="⇖" type="tts">north-west double arrow</annotation>
		<annotation cp="⇗">north-east double arrow</annotation>
		<annotation cp="⇗" type="tts">north-east double arrow</annotation>
		<annotation cp="⇘">south-east double arrow</annotation>
		<annotation cp="⇘" type="tts">south-east double arrow</annotation>
		<annotation cp="⇙">south-west double arrow</annotation>
		<annotation cp="⇙" type="tts">south-west double arrow</annotation>
		<annotation cp="⇞">upwards arrow with double stroke</annotation>
		<annotation cp="⇞" type="tts">upwards arrow with double stroke</annotation>
		<annotation cp="⇟">downwards arrow with double stroke</annotation>
		<annotation cp="⇟" type="tts">downwards arrow with double stroke</annotation>
		<annotation cp="⇤">leftwards arrow bar | leftwards arrow to bar</annotation>
		<annotation cp="⇤" type="tts">leftwards arrow to bar</annotation>
		<annotation cp="⇥">rightwards arrow bar | rightwards arrow to bar</annotation>
		<annotation cp="⇥" type="tts">rightwards arrow to bar</annotation>
		<annotation cp="⇵">downwards and upwards arrows</annotation>
		<annotation cp="⇵" type="tts">downwards and upwards arrows</annotation>
		<annotation cp="▲">arrow | black up-pointing triangle | filled up-pointing triangle | triangle | up</annotation>
		<annotation cp="▼">arrow | black down-pointing triangle | down | filled down-pointing triangle | triangle</annotation>
		<annotation cp="◐">circle with left half filled</annotation>
		<annotation cp="◐" type="tts">circle with left half filled</annotation>
		<annotation cp="◑">circle with right half filled</annotation>
		<annotation cp="◑" type="tts">circle with right half filled</annotation>
		<annotation cp="◒">circle with lower half filled</annotation>
		<annotation cp="◒" type="tts">circle with lower half filled</annotation>
		<annotation cp="◓">circle with upper half filled</annotation>
		<annotation cp="◓" type="tts">circle with upper half filled</annotation>
		<annotation cp="◙">black square containing hollow circle | filled square containing hollow circle | inverse hollow circle</annotation>
		<annotation cp="♪">eighth | music | note | quaver</annotation>
		<annotation cp="♪" type="tts">quaver</annotation>
		<annotation cp="🪪">credentials | driving | ID | identification card | licence | security</annotation>
		<annotation cp="🫤">disappointed | face with diagonal mouth | meh | sceptical | unsure</annotation>
		<annotation cp="🛞">circle | turn | tyre | wheel</annotation>
		<annotation cp="🟰">equality | heavy equals sign | math | maths</annotation>
		<annotation cp="😋">delicious | face | face savoring food | face savouring food | savouring | smile | yum</annotation>
		<annotation cp="🤭">embarrassed | face with hand over mouth | oops | whoops</annotation>
		<annotation cp="😶‍🌫">absent-minded | face in clouds | face in the fog | head in clouds</annotation>
		<annotation cp="😷">cold | doctor | face with medical mask | ill | mask | medicine | poorly | sick</annotation>
		<annotation cp="🙌">celebration | gesture | hand | hooray | raising hands | woo hoo | yay</annotation>
		<annotation cp="🙏">ask | folded hands | hand | high 5 | high five | please | pray | thanks</annotation>
		<annotation cp="🫀">anatomical heart | cardiology | heart | organ | pulse</annotation>
		<annotation cp="🧑‍🏫">instructor | lecturer | professor | teacher</annotation>
		<annotation cp="🧑‍⚖">judge | law</annotation>
		<annotation cp="🧑‍🚒">fire engine | fire truck | firefighter</annotation>
		<annotation cp="🤵">groom | person | person in tux | person in tuxedo | tuxedo</annotation>
		<annotation cp="🤵‍♂">man | man in tux | man in tuxedo | tuxedo</annotation>
		<annotation cp="🤵‍♀">tuxedo | woman | woman in tux | woman in tuxedo</annotation>
		<annotation cp="🧑‍🦯">accessibility | blind | person with guide cane | person with white cane</annotation>
		<annotation cp="🧑‍🦯" type="tts">person with guide cane</annotation>
		<annotation cp="👨‍🦯">accessibility | blind | man | man with guide cane</annotation>
		<annotation cp="👨‍🦯" type="tts">man with guide cane</annotation>
		<annotation cp="👩‍🦯">accessibility | blind | woman | woman with guide cane</annotation>
		<annotation cp="👩‍🦯" type="tts">woman with guide cane</annotation>
		<annotation cp="🧑‍🦼">accessibility | person in motorized wheelchair | person in powered wheelchair | wheelchair</annotation>
		<annotation cp="🧑‍🦼" type="tts">person in powered wheelchair</annotation>
		<annotation cp="👨‍🦼">accessibility | man | man in powered wheelchair | wheelchair</annotation>
		<annotation cp="👨‍🦼" type="tts">man in powered wheelchair</annotation>
		<annotation cp="👩‍🦼">accessibility | wheelchair | woman | woman in powered wheelchair</annotation>
		<annotation cp="👩‍🦼" type="tts">woman in powered wheelchair</annotation>
		<annotation cp="🦳">grey | hair | old | white</annotation>
		<annotation cp="🪴">grow | house | nurturing | plant | potted plant</annotation>
		<annotation cp="🫑">bell pepper | capsicum | pepper | sweet pepper | vegetable</annotation>
		<annotation cp="🫑" type="tts">pepper</annotation>
		<annotation cp="🥬">bok choy | cabbage | kale | leafy green | lettuce | pak choi</annotation>
		<annotation cp="🧄">flavouring | garlic</annotation>
		<annotation cp="🧅">flavouring | onion</annotation>
		<annotation cp="🥡">oyster pail | takeaway box | takeout box</annotation>
		<annotation cp="🧉">drink | maté</annotation>
		<annotation cp="🧉" type="tts">maté</annotation>
		<annotation cp="🏺">amphora | Aquarius | drink | jar | jug | zodiac</annotation>
		<annotation cp="🚃">car | electric | railway | railway carriage | train | tram | trolleybus</annotation>
		<annotation cp="🦼">accessibility | powered wheelchair</annotation>
		<annotation cp="🦼" type="tts">powered wheelchair</annotation>
		<annotation cp="🛺">auto rickshaw | tuk tuk | tuk-tuk</annotation>
		<annotation cp="🛫">aeroplane | airplane | check-in | departure | take-off</annotation>
		<annotation cp="🪂">hang-glide | parachute | parasail | parascend | skydive</annotation>
		<annotation cp="🕧">12:30 | 12.30 | clock | half past twelve | twelve-thirty</annotation>
		<annotation cp="🕜">1:30 | 1.30 | clock | half past one | one-thirty</annotation>
		<annotation cp="🕝">2:30 | 2.30 | clock | half past two | two-thirty</annotation>
		<annotation cp="🕞">3:30 | 3.30 | clock | half past three | three-thirty</annotation>
		<annotation cp="🕟">4:30 | 4.30 | clock | four-thirty | half past four</annotation>
		<annotation cp="🕠">5:30 | 5.30 | clock | five-thirty | half past five</annotation>
		<annotation cp="🕡">6:30 | 6.30 | clock | half past six | six-thirty</annotation>
		<annotation cp="🕢">7:30 | 7.30 | clock | half past seven | seven-thirty</annotation>
		<annotation cp="🕣">8:30 | 8.30 | clock | eight-thirty | half past eight</annotation>
		<annotation cp="🕤">9:30 | 9.30 | clock | half past nine | nine-thirty</annotation>
		<annotation cp="🕥">10:30 | 10.30 | clock | half past ten | ten-thirty</annotation>
		<annotation cp="🕦">11:30 | 11.30 | clock | eleven-thirty | half past eleven</annotation>
		<annotation cp="🎏">carp | carp wind sock | celebration | Japanese wind socks | koinobori | streamer</annotation>
		<annotation cp="🪆">babushka | doll | matryoshka | nesting dolls | russia | Russian dolls</annotation>
		<annotation cp="🪆" type="tts">Russian dolls</annotation>
		<annotation cp="🦺">emergency | hi-vis | high-vis | jacket | life jacket | safety | vest</annotation>
		<annotation cp="👔" type="tts">tie</annotation>
		<annotation cp="🩲">bathing suit | briefs | one-piece | pants | swimsuit | underwear</annotation>
		<annotation cp="🩳">bathing suit | boardshorts | shorts | swim shorts | underwear</annotation>
		<annotation cp="🩴">beach sandals | flip-flop | flipflop | sandals | thong sandals | thongs | zori</annotation>
		<annotation cp="🩴" type="tts">flip-flop</annotation>
		<annotation cp="🪘" type="tts">conga drum</annotation>
		<annotation cp="📫">closed mailbox with raised flag | closed postbox with raised flag | letterbox | mail | mailbox | post | post box | postbox</annotation>
		<annotation cp="📪">closed mailbox with lowered flag | closed postbox with lowered flag | letterbox | lowered | mail | mailbox | post box | postbox</annotation>
		<annotation cp="📬">mail | mailbox | open mailbox with raised flag | open postbox with raised flag | post | post box | postbox</annotation>
		<annotation cp="📭">lowered | mail | mailbox | open mailbox with lowered flag | open postbox with lowered flag | post | post box | postbox</annotation>
		<annotation cp="🦯" type="tts">guide cane</annotation>
		<annotation cp="💉">ill | injection | medicine | needle | syringe</annotation>
		<annotation cp="🩹" type="tts">plaster</annotation>
		<annotation cp="🛗" type="tts">lift</annotation>
		<annotation cp="🛁" type="tts">bath</annotation>
		<annotation cp="🪤" type="tts">mousetrap</annotation>
		<annotation cp="🧴">lotion | lotion bottle | moisturiser | shampoo | sunscreen</annotation>
		<annotation cp="🧷">nappy | punk rock | safety pin</annotation>
		<annotation cp="🧻">paper towels | roll of paper | toilet paper | toilet roll</annotation>
		<annotation cp="↮">left-right arrow with stroke</annotation>
		<annotation cp="↮" type="tts">left-right arrow with stroke</annotation>
		<annotation cp="⚧">trans | transgender | transgender symbol</annotation>
		<annotation cp="✖">× | cancel | heavy multiplication sign | multiplication | multiply | sign | x</annotation>
		<annotation cp="➕">+ | math | maths | plus | sign</annotation>
		<annotation cp="➖">- | − | heavy minus sign | math | maths | minus | sign</annotation>
		<annotation cp="⁉">! | !? | ? | exclamation question mark | interrobang | mark | punctuation | question</annotation>
		<annotation cp="✅">✓ | button | mark | tick</annotation>
		<annotation cp="✅" type="tts">tick button</annotation>
		<annotation cp="☑">✓ | box | tick | tick box with tick</annotation>
		<annotation cp="☑" type="tts">tick box with tick</annotation>
		<annotation cp="✔">✓ | mark | tick</annotation>
		<annotation cp="✔" type="tts">tick</annotation>
		<annotation cp="🏳‍⚧">flag | light blue | pink | trans | transgender | white</annotation>
		<annotation cp="£">currency | EGP | GBP | pound | quid | sterling</annotation>
		<annotation cp="₽">currency | rouble | ruble</annotation>
		<annotation cp="₽" type="tts">rouble</annotation>
		<annotation cp="µ">measure | micro sign | mu</annotation>
	</annotations>
</ldml>
