<?xml version="1.0" encoding="UTF-8" ?>
<!DOCTYPE ldml SYSTEM "../../common/dtd/ldml.dtd">
<!-- Copyright © 1991-2022 Unicode, Inc.
For terms of use, see http://www.unicode.org/copyright.html
SPDX-License-Identifier: Unicode-DFS-2016
CLDR data files are interpreted according to the LDML specification (http://unicode.org/reports/tr35/)
-->
<ldml>
	<identity>
		<version number="$Revision$"/>
		<language type="en"/>
		<territory type="IN"/>
	</identity>
	<annotations>
		<annotation cp="👫">couple | hand | hold | man | man and woman holding hands | woman | woman and man holding hands</annotation>
		<annotation cp="🕡">6 | 6:30 | clock | half past six | six | six-thirty | thirty</annotation>
		<annotation cp="🩴">beach sandals | flip-flop | sandals | thong sandal | thong sandals | thongs | zōri</annotation>
	</annotations>
</ldml>
