<?xml version="1.0" encoding="UTF-8" ?>
<!DOCTYPE ldml SYSTEM "../../common/dtd/ldml.dtd">
<!-- Copyright © 1991-2022 Unicode, Inc.
For terms of use, see http://www.unicode.org/copyright.html
SPDX-License-Identifier: Unicode-DFS-2016
CLDR data files are interpreted according to the LDML specification (http://unicode.org/reports/tr35/)
-->
<ldml>
	<identity>
		<version number="$Revision$"/>
		<language type="ha"/>
		<territory type="NE"/>
	</identity>
	<annotations>
		<annotation cp="🧃">bambaro | kwali | lemo | lemon kwali | mai daɗi | ruwan ƴaƴan itace</annotation>
		<annotation cp="🪀">canzawa | yo-yo | ƴartsana | zaren yo-yo</annotation>
		<annotation cp="🧸">buga wasa | cushe | ƙari | tunkun wasa | ƴartsana</annotation>
		<annotation cp="🪆">rasha | sheƙa | ƴartsana | ƴartsana mai sheƙa</annotation>
		<annotation cp="🪆" type="tts">ƴartsana mai sheƙa</annotation>
		<annotation cp="🩲">ɗan diras | rigar ninƙaya | rigar wanka | yanki ɗaya | ƴan ciki</annotation>
		<annotation cp="🩳">gajeren wando | rigar wanka | wando | ƴan ciki</annotation>
		<annotation cp="♊">falaki | Tagwaye | ƴan biyu</annotation>
	</annotations>
</ldml>
