<?xml version="1.0" encoding="UTF-8" ?>
<!DOCTYPE ldml SYSTEM "../../common/dtd/ldml.dtd">
<!-- Copyright © 1991-2022 Unicode, Inc.
For terms of use, see http://www.unicode.org/copyright.html
SPDX-License-Identifier: Unicode-DFS-2016
CLDR data files are interpreted according to the LDML specification (http://unicode.org/reports/tr35/)

Warnings: All cp values have U+FE0F characters removed. See /annotationsDerived/ for derived annotations.
-->
<ldml>
	<identity>
		<version number="$Revision$"/>
		<language type="hi"/>
		<script type="Latn"/>
	</identity>
	<annotations>
		<annotation cp="{">brace | bracket | curly brace | curly bracket | gullwing | open curly bracket</annotation>
		<annotation cp="🏻">Fair skin | skin tone | type 1–2</annotation>
		<annotation cp="🏻" type="tts">Fair skin</annotation>
		<annotation cp="🏼">medium-fair skin | skin tone | type 3</annotation>
		<annotation cp="🏼" type="tts">medium-fair skin</annotation>
		<annotation cp="🏽">medium skin | skin tone | type 4</annotation>
		<annotation cp="🏽" type="tts">medium skin</annotation>
		<annotation cp="🏾">medium-dark skin | skin tone | type 5</annotation>
		<annotation cp="🏾" type="tts">medium-dark skin</annotation>
		<annotation cp="🏿">dark skin | skin tone | type 6</annotation>
		<annotation cp="🏿" type="tts">dark skin</annotation>
		<annotation cp="،">arabic | comma</annotation>
		<annotation cp="،" type="tts">arabic comma</annotation>
		<annotation cp="؛">arabic | semicolon</annotation>
		<annotation cp="؛" type="tts">arabic semicolon</annotation>
		<annotation cp="؟">arabic | arabic question mark | question | question mark</annotation>
		<annotation cp="؟" type="tts">arabic question mark</annotation>
		<annotation cp="‘">apostrophe | left apostrophe | quote | single quote | smart quote</annotation>
		<annotation cp="’">apostrophe | quote | right apostrophe | single quote | smart quote</annotation>
		<annotation cp="“">double quote | left quotation mark | quotation | quote | smart quotation</annotation>
		<annotation cp="”">double quote | quotation | quote | right quotation mark | smart quotation</annotation>
		<annotation cp=")">bracket | close parenthesis | paren | parens | parenthesis | round bracket</annotation>
		<annotation cp="[">bracket | crotchet | open square bracket | square bracket</annotation>
		<annotation cp="]">bracket | close square bracket | crotchet | square bracket</annotation>
		<annotation cp="}">brace | bracket | close curly bracket | curly brace | curly bracket | gullwing</annotation>
		<annotation cp="〈">angle bracket | bracket | chevron | diamond brackets | open angle bracket | pointy bracket | tuple</annotation>
		<annotation cp="〉">angle bracket | bracket | chevron | close angle bracket | diamond brackets | pointy bracket | tuple</annotation>
		<annotation cp="《">bracket | double angle bracket | open double angle bracket</annotation>
		<annotation cp="》">bracket | close double angle bracket | double angle bracket</annotation>
		<annotation cp="「">bracket | corner bracket | open corner bracket</annotation>
		<annotation cp="」">bracket | close corner bracket | corner bracket</annotation>
		<annotation cp="『">bracket | hollow corner bracket | open hollow corner bracket</annotation>
		<annotation cp="』">bracket | close hollow corner bracket | hollow corner bracket</annotation>
		<annotation cp="【">bracket | lens bracket | lenticular bracket | open black lens bracket</annotation>
		<annotation cp="】">bracket | close black lens bracket | lens bracket | lenticular bracket</annotation>
		<annotation cp="〔">bracket | open tortoise shell bracket | shell bracket | tortoise shell bracket</annotation>
		<annotation cp="〕">bracket | close tortoise shell bracket | shell bracket | tortoise shell bracket</annotation>
		<annotation cp="〖">bracket | hollow lens bracket | hollow lenticular bracket | open hollow lens bracket</annotation>
		<annotation cp="〗">bracket | close hollow lens bracket | hollow lens bracket | hollow lenticular bracket</annotation>
		<annotation cp="&amp;">ampersand | aur | et</annotation>
		<annotation cp="↨">base ke saath up down arrow</annotation>
		<annotation cp="↨" type="tts">base ke saath up down arrow</annotation>
		<annotation cp="↹">arrow | bar | leftwards | leftwards over rightwards arrow bars | rightwards</annotation>
		<annotation cp="∀">given | koi bhi | sabhi | sabhi ke liye | universal</annotation>
		<annotation cp="∀" type="tts">sabhi ke liye</annotation>
		<annotation cp="∂">differential | partial differential</annotation>
		<annotation cp="∃">there exists | Vahan maujood hota hai</annotation>
		<annotation cp="∅">empty set | mathematics | set operator</annotation>
		<annotation cp="∈">element | iska element | ismein shaamil hai | membership | set</annotation>
		<annotation cp="∈" type="tts">iska element</annotation>
		<annotation cp="∉">element | koi element nahi</annotation>
		<annotation cp="∉" type="tts">koi element nahi</annotation>
		<annotation cp="∋">element | member ke taur par rakhta hai</annotation>
		<annotation cp="∋" type="tts">member ke taur par rakhta hai</annotation>
		<annotation cp="∎">end proof | halmos | q.e.d. | qed | tombstone</annotation>
		<annotation cp="∎" type="tts">end proof</annotation>
		<annotation cp="∑">mathematics | n-ary summation | summation</annotation>
		<annotation cp="&lt;">isse kam | open tag | tag</annotation>
		<annotation cp="&lt;" type="tts">isse kam</annotation>
		<annotation cp="≮">baraabar na hona | isse kam nahi | mathematics</annotation>
		<annotation cp="≮" type="tts">isse kam nahi</annotation>
		<annotation cp="=">baraabar</annotation>
		<annotation cp="=" type="tts">baraabar</annotation>
		<annotation cp="≠">baraabar na hona | baraabar nahi | Baraabar nahi</annotation>
		<annotation cp="≠" type="tts">baraabar nahi</annotation>
		<annotation cp="&gt;">close tag | isse bada | tag</annotation>
		<annotation cp="&gt;" type="tts">isse bada</annotation>
		<annotation cp="≯">baraabar na hona | isse bada nahi | mathematics</annotation>
		<annotation cp="≯" type="tts">isse bada nahi</annotation>
		<annotation cp="|">bar | line | pike | pipe | sheffer stroke | stick | stroke | vbar | vertical bar | vertical line</annotation>
		<annotation cp="∓">minus-or-plus | plus-minus</annotation>
		<annotation cp="∝">proportional | proportionality</annotation>
		<annotation cp="∝" type="tts">proportional</annotation>
		<annotation cp="∣">divides | divisor</annotation>
		<annotation cp="∥">parallel</annotation>
		<annotation cp="∥" type="tts">parallel</annotation>
		<annotation cp="∮">contour integral</annotation>
		<annotation cp="∴">isliye | logic</annotation>
		<annotation cp="∴" type="tts">isliye</annotation>
		<annotation cp="∵">kyonki | logic</annotation>
		<annotation cp="∵" type="tts">kyonki</annotation>
		<annotation cp="≃">asymptote | asymptotically equal | mathematics</annotation>
		<annotation cp="≃" type="tts">asymptotically equal</annotation>
		<annotation cp="≅">approximately equal | baraabri | congruence | isomorphism | mathematics</annotation>
		<annotation cp="≅" type="tts">approximately equal</annotation>
		<annotation cp="≌">equality | mathematics | sabhi baraabar</annotation>
		<annotation cp="≌" type="tts">sabhi baraabar</annotation>
		<annotation cp="≒">approximately equal the image | approximately image ke baraabar</annotation>
		<annotation cp="≣">equality | mathematics | strictly equivalent</annotation>
		<annotation cp="≣" type="tts">strictly equivalent</annotation>
		<annotation cp="≤">baraabar | baraabar hai | baraabri na hona | isse chhota | isse chhota yaa baraabar | less-than or equal</annotation>
		<annotation cp="≥">baraabar | baraabar hai | baraabri na hona | isse bada | isse bada yaa baraabar</annotation>
		<annotation cp="≥" type="tts">isse bada yaa baraabar</annotation>
		<annotation cp="≦">baraabar hone par isse kam | baraabri na hona | mathematics</annotation>
		<annotation cp="≦" type="tts">baraabar hone par isse kam</annotation>
		<annotation cp="≧">baraabar hone par isse zyaada | baraabri na hona | mathematics</annotation>
		<annotation cp="≧" type="tts">baraabar hone par isse zyaada</annotation>
		<annotation cp="≪">baraabri na hona | ke comparision mein kaafi kam | mathematics</annotation>
		<annotation cp="≪" type="tts">ke comparision mein kaafi kam</annotation>
		<annotation cp="≫">inequality | ke comparision mein kaafi zyaada | mathematics</annotation>
		<annotation cp="≫" type="tts">ke comparision mein kaafi zyaada</annotation>
		<annotation cp="≬">iske beech</annotation>
		<annotation cp="≬" type="tts">iske beech</annotation>
		<annotation cp="≳">greater-than equivalent | inequality | mathematics</annotation>
		<annotation cp="≳" type="tts">greater-than equivalent</annotation>
		<annotation cp="≺">mathematics | pahle aata hai | set operator</annotation>
		<annotation cp="≺" type="tts">pahle aata hai</annotation>
		<annotation cp="≻">baad mein aata hai | mathematics | set operator</annotation>
		<annotation cp="≻" type="tts">baad mein aata hai</annotation>
		<annotation cp="⊁">baad mein nahi aata | mathematics | set operator</annotation>
		<annotation cp="⊁" type="tts">baad mein nahi aata</annotation>
		<annotation cp="⊂">iska subset | set | subset</annotation>
		<annotation cp="⊂" type="tts">iska subset</annotation>
		<annotation cp="⊃">mathematics | set operator | superset</annotation>
		<annotation cp="⊃" type="tts">superset</annotation>
		<annotation cp="⊆">subset baraabar</annotation>
		<annotation cp="⊆" type="tts">subset baraabar</annotation>
		<annotation cp="⊇">baraabri hona | mathematics | superset baraabar</annotation>
		<annotation cp="⊇" type="tts">superset baraabar</annotation>
		<annotation cp="⊕">circled plus | plus</annotation>
		<annotation cp="⊖">circled minus | erosion | symmetric difference</annotation>
		<annotation cp="⊗">circled times | product | tensor</annotation>
		<annotation cp="⊙">circled dot operator | operator | XNOR</annotation>
		<annotation cp="⊛">asterisk | circled asterisk operator | operator</annotation>
		<annotation cp="⊞">addition-like | mathematics | squared plus</annotation>
		<annotation cp="⊮">does not force</annotation>
		<annotation cp="⊰">mathematics | precedes under relation | set operator</annotation>
		<annotation cp="⊱">mathematics | set operator | succeeds under relation</annotation>
		<annotation cp="⋭">group theory | mathematics | normal subgroup equal ke taur par shaamil nahi karta</annotation>
		<annotation cp="⋭" type="tts">normal subgroup equal ke taur par shaamil nahi karta</annotation>
		<annotation cp="⊶">original</annotation>
		<annotation cp="⊶" type="tts">original</annotation>
		<annotation cp="⋰">ellipsis | mathematics | up right diagonal ellipsis</annotation>
		<annotation cp="⋰" type="tts">up right diagonal ellipsis</annotation>
		<annotation cp="⋱">down right diagonal ellipsis | ellipsis | mathematics</annotation>
		<annotation cp="⋱" type="tts">down right diagonal ellipsis</annotation>
		<annotation cp="■">filled square</annotation>
		<annotation cp="□">hollow square</annotation>
		<annotation cp="▢">hollow square with rounded corners</annotation>
		<annotation cp="▣">hollow square containing filled square</annotation>
		<annotation cp="▤">horizontal fill wala square</annotation>
		<annotation cp="▤" type="tts">horizontal fill wala square</annotation>
		<annotation cp="▥">vertical fill wala square</annotation>
		<annotation cp="▥" type="tts">vertical fill wala square</annotation>
		<annotation cp="▦">square orthogonal crosshatch fill</annotation>
		<annotation cp="▦" type="tts">square orthogonal crosshatch fill</annotation>
		<annotation cp="▧">square upper left lower right fill</annotation>
		<annotation cp="▧" type="tts">square upper left lower right fill</annotation>
		<annotation cp="▨">square upper right lower left fill</annotation>
		<annotation cp="▨" type="tts">square upper right lower left fill</annotation>
		<annotation cp="▩">square diagonal crosshatch fill</annotation>
		<annotation cp="▩" type="tts">square diagonal crosshatch fill</annotation>
		<annotation cp="▬">filled rectangle</annotation>
		<annotation cp="▭">hollow rectangle</annotation>
		<annotation cp="▮">filled vertical rectangle</annotation>
		<annotation cp="▰">filled parallelogram</annotation>
		<annotation cp="▲">arrow | filled | filled up-pointing triangle | triangle | up</annotation>
		<annotation cp="△">hollow up-pointing triangle</annotation>
		<annotation cp="▴">filled up-pointing small triangle</annotation>
		<annotation cp="▵">hollow up-pointing small triangle</annotation>
		<annotation cp="▷">hollow right-pointing triangle</annotation>
		<annotation cp="▸">filled right-pointing small triangle</annotation>
		<annotation cp="▹">hollow right-pointing small triangle</annotation>
		<annotation cp="►">filled right-pointing pointer</annotation>
		<annotation cp="▻">hollow right-pointing pointer</annotation>
		<annotation cp="▼">arrow | down | filled | filled down-pointing triangle | triangle</annotation>
		<annotation cp="▽">hollow down-pointing triangle</annotation>
		<annotation cp="▾">filled down-pointing small triangle</annotation>
		<annotation cp="▿">hollow down-pointing small triangle</annotation>
		<annotation cp="◁">hollow left-pointing triangle</annotation>
		<annotation cp="◂">filled left-pointing small triangle</annotation>
		<annotation cp="◃">hollow left-pointing small triangle</annotation>
		<annotation cp="◄">filled left-pointing pointer</annotation>
		<annotation cp="◅">hollow left-pointing pointer</annotation>
		<annotation cp="◆">filled diamond</annotation>
		<annotation cp="◇">hollow diamond</annotation>
		<annotation cp="◈">filled diamond wala hollow diamond | hollow diamond containing filled diamond</annotation>
		<annotation cp="◈" type="tts">filled diamond wala hollow diamond</annotation>
		<annotation cp="◉">circled dot | concentric cicles filled | filled circle wala hollow circle | fisheye | ward</annotation>
		<annotation cp="◉" type="tts">filled circle wala hollow circle</annotation>
		<annotation cp="○">circle | hollow circle | ring</annotation>
		<annotation cp="◍">vertical fill wala circle</annotation>
		<annotation cp="◍" type="tts">vertical fill wala circle</annotation>
		<annotation cp="●">circle | filled circle</annotation>
		<annotation cp="◐">left se half filled circle</annotation>
		<annotation cp="◐" type="tts">left se half filled circle</annotation>
		<annotation cp="◑">right se half filled circle</annotation>
		<annotation cp="◑" type="tts">right se half filled circle</annotation>
		<annotation cp="◒">neeche se half filled circle</annotation>
		<annotation cp="◒" type="tts">neeche se half filled circle</annotation>
		<annotation cp="◓">oopar se half filled circle</annotation>
		<annotation cp="◓" type="tts">oopar se half filled circle</annotation>
		<annotation cp="◔">Circle kaa filled upper right quadrant</annotation>
		<annotation cp="◔" type="tts">Circle kaa filled upper right quadrant</annotation>
		<annotation cp="◕">circle all but upper left quadrant filled</annotation>
		<annotation cp="◕" type="tts">circle all but upper left quadrant filled</annotation>
		<annotation cp="◙">hollow circle wala filled square | inverse hollow circle</annotation>
		<annotation cp="◙" type="tts">hollow circle wala filled square</annotation>
		<annotation cp="◜">upper left quadrant circular arc</annotation>
		<annotation cp="◜" type="tts">upper left quadrant circular arc</annotation>
		<annotation cp="◝">upper right quadrant circular arc</annotation>
		<annotation cp="◝" type="tts">upper right quadrant circular arc</annotation>
		<annotation cp="◞">lower right quadrant circular arc</annotation>
		<annotation cp="◞" type="tts">lower right quadrant circular arc</annotation>
		<annotation cp="◟">lower left quadrant circular arc</annotation>
		<annotation cp="◟" type="tts">lower left quadrant circular arc</annotation>
		<annotation cp="◢">filled lower right triangle</annotation>
		<annotation cp="◢" type="tts">filled lower right triangle</annotation>
		<annotation cp="◣">filled lower left triangle</annotation>
		<annotation cp="◣" type="tts">filled lower left triangle</annotation>
		<annotation cp="◤">filled upper left triangle</annotation>
		<annotation cp="◤" type="tts">filled upper left triangle</annotation>
		<annotation cp="◥">filled upper right triangle</annotation>
		<annotation cp="◥" type="tts">filled upper right triangle</annotation>
		<annotation cp="◯">circle | large hollow circle | ring</annotation>
		<annotation cp="◳">hollow square upper right quadrant</annotation>
		<annotation cp="◳" type="tts">hollow square upper right quadrant</annotation>
		<annotation cp="◷">hollow circle with upper right quadrant</annotation>
		<annotation cp="◷" type="tts">hollow circle with upper right quadrant</annotation>
		<annotation cp="◿">lower right triangle</annotation>
		<annotation cp="◿" type="tts">lower right triangle</annotation>
		<annotation cp="⨧">plus subscript two</annotation>
		<annotation cp="⨧" type="tts">plus subscript two</annotation>
		<annotation cp="⨯">vector cross product</annotation>
		<annotation cp="⨯" type="tts">vector cross product</annotation>
		<annotation cp="⨼">interior product</annotation>
		<annotation cp="⩣">logical or double underbar</annotation>
		<annotation cp="⩣" type="tts">logical or double underbar</annotation>
		<annotation cp="⩽">less-than slanted equal</annotation>
		<annotation cp="⩽" type="tts">less-than slanted equal</annotation>
		<annotation cp="⪍">less-than above similar equal</annotation>
		<annotation cp="⪍" type="tts">less-than above similar equal</annotation>
		<annotation cp="⪚">baraabri na hona | double-line equal greater-than | mathematics</annotation>
		<annotation cp="⪚" type="tts">double-line equal greater-than</annotation>
		<annotation cp="🥹">Aansoon rokta face | angry | cry | proud | resist | sad</annotation> <!-- 1F979 -->
		<annotation cp="🥹" type="tts">Aansoon rokta face</annotation>
		<annotation cp="🪪">credentials | ID | identification card | license | security</annotation> <!-- 1FAAA -->
		<annotation cp="🪬">Fatima | hamsa | hand | Mary | Miriam | protection | tabeez</annotation> <!-- 1FAAC -->
		<annotation cp="🪹">khaali nest | Khaali nest | nesting</annotation> <!-- 1FAB9 -->
		<annotation cp="🪹" type="tts">Khaali nest</annotation>
		<annotation cp="🪺">eggs wala nest | nesting</annotation> <!-- 1FABA -->
		<annotation cp="🪺" type="tts">eggs wala nest</annotation>
		<annotation cp="🫅">crown wala vyakti | monarch | noble | person with crown | regal | royalty</annotation> <!-- 1FAC5 -->
		<annotation cp="🫅" type="tts">crown wala vyakti</annotation>
		<annotation cp="🫙">container | jar | khaali | masaala | sauce | store</annotation> <!-- 1FAD9 -->
		<annotation cp="🫢">amazement | awe | disbelief | embarrass | khuli aankhein aur mouth par haath wala face | scared | surprise</annotation> <!-- 1FAE2 -->
		<annotation cp="🫢" type="tts">khuli aankhein aur mouth par haath wala face</annotation>
		<annotation cp="🫣">captivated | fingers ke beech se jhaankta face | jhaankna | stare</annotation> <!-- 1FAE3 -->
		<annotation cp="🫣" type="tts">fingers ke beech se jhaankta face</annotation>
		<annotation cp="🫤">diagonal mouth wala face | disappointed | meh | skeptical | unsure</annotation> <!-- 1FAE4 -->
		<annotation cp="🫤" type="tts">diagonal mouth wala face</annotation>
		<annotation cp="🫵">aap | viewer ki taraf pont karti index finger</annotation> <!-- 1FAF5 -->
		<annotation cp="🫵" type="tts">viewer ki taraf pont karti index finger</annotation>
		<annotation cp="🫶">haathon se bana heart | heart hands | love</annotation> <!-- 1FAF6 -->
		<annotation cp="🫶" type="tts">haathon se bana heart</annotation>
		<annotation cp="🛞">circle | tire | turn | wheel</annotation> <!-- 1F6DE -->
		<annotation cp="🟰">barrabri | heavy equals sign | math</annotation> <!-- 1F7F0 -->
		<annotation cp="😃">badi aankhon wala grinning face | face | mouth | open | smile</annotation>
		<annotation cp="😃" type="tts">badi aankhon wala grinning face</annotation>
		<annotation cp="😄">eye | face | mouth | open | smile | smile karti aankhon wala grinning face</annotation>
		<annotation cp="😄" type="tts">smile karti aankhon wala grinning face</annotation>
		<annotation cp="😁">eye | face | grin | smile | smile karti aankhon wala beaming face</annotation>
		<annotation cp="😁" type="tts">smile karti aankhon wala beaming face</annotation>
		<annotation cp="😅">cold | face | open | smile | sweat | sweating wala grinning face</annotation>
		<annotation cp="😅" type="tts">sweating wala grinning face</annotation>
		<annotation cp="😂">face | joy | khusi ke aansoon wala face | laugh | tear</annotation>
		<annotation cp="😂" type="tts">face</annotation>
		<annotation cp="😊">blush | eye | face | smile | smiling eyes wala smiling face</annotation>
		<annotation cp="😊" type="tts">smiling eyes wala smiling face</annotation>
		<annotation cp="🥰">adore | crush | hearts | hearts wala smiling face | in love | smiling face with hearts</annotation>
		<annotation cp="🥰" type="tts">hearts wala smiling face</annotation>
		<annotation cp="😍">eye | face | heart-eyes wala smiling face | love | smile</annotation>
		<annotation cp="😍" type="tts">heart-eyes wala smiling face</annotation>
		<annotation cp="😘">face | face blowing a kiss | kiss | kiss deta face</annotation>
		<annotation cp="😚">closed | closed eyes wala kissing face | eye | face | kiss</annotation>
		<annotation cp="😚" type="tts">closed eyes wala kissing face</annotation>
		<annotation cp="😙">eye | face | kiss | smile | smiling eyes wala kissing face</annotation>
		<annotation cp="😙" type="tts">smiling eyes wala kissing face</annotation>
		<annotation cp="🥲">aansoon wala smiling face | grateful | proud | relieved | smiling | tear | touched</annotation>
		<annotation cp="🥲" type="tts">aansoon wala smiling face</annotation>
		<annotation cp="😋">delicious | face | food enjoy karta face | savouring | smile | yum</annotation>
		<annotation cp="😋" type="tts">food enjoy karta face</annotation>
		<annotation cp="😛">face | tongue | tongue dikhaata face</annotation>
		<annotation cp="😛" type="tts">tongue dikhaata face</annotation>
		<annotation cp="😜">eye | face | joke | tongue | tongue dikhaata winking face | wink</annotation>
		<annotation cp="😜" type="tts">tongue dikhaata winking face</annotation>
		<annotation cp="😝">eye | face | horrible | taste | tongue | tongue nikaalta squinting face</annotation>
		<annotation cp="😝" type="tts">tongue nikaalta squinting face</annotation>
		<annotation cp="🤗">face | hug | hug karta smiling face | hugging | open hands | smiling face</annotation>
		<annotation cp="🤗" type="tts">hug karta smiling face</annotation>
		<annotation cp="🤭">mouth par haath wala face | whoops</annotation>
		<annotation cp="🤭" type="tts">mouth par haath wala face</annotation>
		<annotation cp="🤨">distrust | raised eyebrow wala face | skeptic</annotation>
		<annotation cp="🤨" type="tts">raised eyebrow wala face</annotation>
		<annotation cp="😶">bina mouth wala face | face | mouth | quiet | silent</annotation>
		<annotation cp="😶" type="tts">bina mouth wala face</annotation>
		<annotation cp="😶‍🌫">absentminded | baadlon mein face | baadlon mein head | fog mein face</annotation> <!-- 1F636 200D 1F32B FE0F: baadlon mein face -->
		<annotation cp="😶‍🌫" type="tts">baadlon mein face</annotation>
		<annotation cp="🙄">eyeroll | eyes | face | rolling | rolling eyes wala face</annotation>
		<annotation cp="🙄" type="tts">rolling eyes wala face</annotation>
		<annotation cp="😷">cold | doctor | face | mask | medical mask wala face | sick</annotation>
		<annotation cp="😷" type="tts">medical mask wala face</annotation>
		<annotation cp="🤒">face | ill | sick | thermometer | thermometer wala face</annotation>
		<annotation cp="🤒" type="tts">thermometer wala face</annotation>
		<annotation cp="🤕">bandage | face | head-bandage wala face | hurt | injury</annotation>
		<annotation cp="🤕" type="tts">head-bandage wala face</annotation>
		<annotation cp="🤢">face | nauseated face | vomit</annotation>
		<annotation cp="😵">crossed-out eyes | crossed-out eyes wala face | dead | face | knocked out</annotation>
		<annotation cp="😵" type="tts">crossed-out eyes wala face</annotation>
		<annotation cp="😵‍💫">dizzy | hypnotized | spiral | spiral eyes wala face | trouble | whoa</annotation> <!-- 1F635 200D 1F4AB -->
		<annotation cp="😵‍💫" type="tts">spiral eyes wala face</annotation>
		<annotation cp="😎">bright | cool | face | sun | sunglasses | sunglasses wala face</annotation>
		<annotation cp="😎" type="tts">sunglasses wala face</annotation>
		<annotation cp="🧐">face | face with monocle | monocle | monocle pehne face | stuffy</annotation>
		<annotation cp="😮">face | mouth | open | open mouth wala face | sympathy</annotation>
		<annotation cp="😮" type="tts">open mouth wala face</annotation>
		<annotation cp="😦">face | frown | mouth | open | open mouth wala frowning face</annotation>
		<annotation cp="😦" type="tts">open mouth wala frowning face</annotation>
		<annotation cp="😧">dukhi | face</annotation>
		<annotation cp="😧" type="tts">dukhi face</annotation>
		<annotation cp="😰">blue | cold | face | rushed | sweat | sweating wala anxious face</annotation>
		<annotation cp="😰" type="tts">sweating wala anxious face</annotation>
		<annotation cp="😥">disappointed | face | relieved | sad lekin relieved face | whew</annotation>
		<annotation cp="😥" type="tts">sad lekin relieved face</annotation>
		<annotation cp="😭">cry | face | loudly rone wala face | sad | sob | tear</annotation>
		<annotation cp="😭" type="tts">loudly rone wala face</annotation>
		<annotation cp="😱">dar se scream karta face | face | fear | munch | scared | scream</annotation>
		<annotation cp="😱" type="tts">dar se scream karta face</annotation>
		<annotation cp="😖">confounded | face | Hairaan face</annotation>
		<annotation cp="😖" type="tts">Hairaan face</annotation>
		<annotation cp="😓">cold | face | sweat | sweating wala udaas face</annotation>
		<annotation cp="😓" type="tts">sweating wala udaas face</annotation>
		<annotation cp="😤">face | nose se steam nkalti dikhaane wala face | triumph | won</annotation>
		<annotation cp="😤" type="tts">nose se steam nkalti dikhaane wala face</annotation>
		<annotation cp="🤬">mouth par symbols wala face | shapath</annotation>
		<annotation cp="🤬" type="tts">mouth par symbols wala face</annotation>
		<annotation cp="😈">face | fairy tale | fantasy | horns | horns wala smiling face | smile</annotation>
		<annotation cp="😈" type="tts">horns wala smiling face</annotation>
		<annotation cp="👿">demon | devil | face | fantasy | horns wala angry face | imp</annotation>
		<annotation cp="👿" type="tts">horns wala angry face</annotation>
		<annotation cp="☠">crossbones | death | face | monster | skull | skull aur crossbones</annotation>
		<annotation cp="☠" type="tts">skull aur crossbones</annotation>
		<annotation cp="😸">cat | eye | face | grin | smile | smiling eyes wali grinning cat</annotation>
		<annotation cp="😸" type="tts">smiling eyes wali grinning cat</annotation>
		<annotation cp="😹">cat | face | joy | khushi ke aansoon bahaati cat kaa face | tear</annotation>
		<annotation cp="😹" type="tts">khushi ke aansoon bahaati cat kaa face</annotation>
		<annotation cp="😻">cat | eye | face | heart | heart-eyes wali smiling cat | love | smile</annotation>
		<annotation cp="😻" type="tts">heart-eyes wali smiling cat</annotation>
		<annotation cp="😼">cat | cat with wry smile | face | ironic | smile | wry | wry smile wali cat</annotation>
		<annotation cp="😼" type="tts">wry smile wali cat</annotation>
		<annotation cp="💘">arrow | arrow wala heart | cupid</annotation>
		<annotation cp="💘" type="tts">arrow wala heart</annotation>
		<annotation cp="💝">ribbon | ribbon wala heart | valentine</annotation>
		<annotation cp="💝" type="tts">ribbon wala heart</annotation>
		<annotation cp="💗">excited | grow karta hua heart | growing | nervous | pulse</annotation>
		<annotation cp="💗" type="tts">grow karta hua heart</annotation>
		<annotation cp="💕">do hearts | love</annotation>
		<annotation cp="💕" type="tts">do hearts</annotation>
		<annotation cp="💟">heart | heart ki decoration</annotation>
		<annotation cp="💟" type="tts">heart ki decoration</annotation>
		<annotation cp="❣">exclamation | exclamation sign wala heart | mark | punctuation</annotation>
		<annotation cp="❣" type="tts">exclamation sign wala heart</annotation>
		<annotation cp="💦">comic | splashing | sweat | sweating ke droplets</annotation>
		<annotation cp="💦" type="tts">sweating ke droplets</annotation>
		<annotation cp="👁‍🗨">balloon | bubble | eye | speech | speech bubble mein eye | witness</annotation>
		<annotation cp="👁‍🗨" type="tts">speech bubble mein eye</annotation>
		<annotation cp="👋">hand | wave | wave karta haath | waving</annotation>
		<annotation cp="👋" type="tts">wave karta haath</annotation>
		<annotation cp="🤚">backhand | raised | uthe huye haath ki back side</annotation>
		<annotation cp="🤚" type="tts">uthe huye haath ki back side</annotation>
		<annotation cp="🖐">faili fingers wala haath | finger | hand | splayed</annotation>
		<annotation cp="🖐" type="tts">faili fingers wala haath</annotation>
		<annotation cp="✋">haath | high 5 | high five | utha hua haath</annotation>
		<annotation cp="✋" type="tts">utha hua haath</annotation>
		<annotation cp="👌">haath | OK | OK kaa symbol</annotation>
		<annotation cp="👌" type="tts">OK kaa symbol</annotation>
		<annotation cp="🤌">fingers | haath kaa gesture | pinched | pooch-taachh | sarcastic</annotation>
		<annotation cp="🤏">pinch dikhaata haath | thoda amount</annotation>
		<annotation cp="🤏" type="tts">pinch dikhaata haath</annotation>
		<annotation cp="✌">haath | jeet | victory | victory dikhaata haath</annotation>
		<annotation cp="✌" type="tts">victory dikhaata haath</annotation>
		<annotation cp="🤘">finger | hand | horns | horns kaa sign | rock-on</annotation>
		<annotation cp="🤘" type="tts">horns kaa sign</annotation>
		<annotation cp="🤙">call | call me kaa ishaara karne wala haath | hand | hang loose | Shaka</annotation>
		<annotation cp="🤙" type="tts">call me kaa ishaara karne wala haath</annotation>
		<annotation cp="👈">backhand | finger | hand | index | left mein point karti index finger dikhaate haath ki back side | point</annotation>
		<annotation cp="👈" type="tts">left mein point karti index finger dikhaate haath ki back side</annotation>
		<annotation cp="👉">backhand | finger | hand | index | point | right mein point karti index finger dikhaate haath ki back side</annotation>
		<annotation cp="👉" type="tts">right mein point karti index finger dikhaate haath ki back side</annotation>
		<annotation cp="👆">backhand | finger | hand | oopar point karti index finger dikhaate haath ki back side | point | up</annotation>
		<annotation cp="👆" type="tts">oopar point karti index finger dikhaate haath ki back side</annotation>
		<annotation cp="👇">backhand | down | finger | hand | neeche point karti index finger dikhaate haath ki back side | point</annotation>
		<annotation cp="👇" type="tts">neeche point karti index finger dikhaate haath ki back side</annotation>
		<annotation cp="☝">finger | hand | index | oopar point karti index finger | point | up</annotation>
		<annotation cp="☝" type="tts">oopar point karti index finger</annotation>
		<annotation cp="🙌">celebration | gesture | hand | hooray | khush hokar dono haath uthaana | raised</annotation>
		<annotation cp="🙌" type="tts">khush hokar dono haath uthaana</annotation>
		<annotation cp="🤲">palms ko eksaath oopar karna | prayer</annotation>
		<annotation cp="🤲" type="tts">palms ko eksaath oopar karna</annotation>
		<annotation cp="🙏">ask | hand | high 5 | high five | namaste karna | please | pray | thanks</annotation>
		<annotation cp="🙏" type="tts">namaste karna</annotation>
		<annotation cp="✍">haath | likhna | likhta hua haath</annotation>
		<annotation cp="✍" type="tts">likhta hua haath</annotation>
		<annotation cp="🦻">accessibility | hearing aid laga kaan | sunne mein problem</annotation>
		<annotation cp="🦻" type="tts">hearing aid laga kaan</annotation>
		<annotation cp="👱">blond | blond-hair wala vyakti | hair | person: blond hair</annotation>
		<annotation cp="👱‍♂">blond | blond-hair wala man | hair | man | man: blond hair</annotation>
		<annotation cp="👱‍♀">blond-hair wali woman | blonde | hair | woman | woman: blond hair</annotation>
		<annotation cp="🙍">frown | frown karta person | gesture</annotation>
		<annotation cp="🙍" type="tts">frown karta person</annotation>
		<annotation cp="🙍‍♂">frown karta aadmi | frowning | gesture | man</annotation>
		<annotation cp="🙍‍♂" type="tts">frown karta aadmi</annotation>
		<annotation cp="🙍‍♀">frown karti mahila | frowning | gesture | woman</annotation>
		<annotation cp="🙍‍♀" type="tts">frown karti mahila</annotation>
		<annotation cp="🙎">gesture | pout banaata vyakti | pouting</annotation>
		<annotation cp="🙎" type="tts">pout banaata vyakti</annotation>
		<annotation cp="🙎‍♂">gesture | man | pout banaata aadmi | pouting</annotation>
		<annotation cp="🙎‍♂" type="tts">pout banaata aadmi</annotation>
		<annotation cp="🙎‍♀">gesture | pout banaati mahila | pouting | woman</annotation>
		<annotation cp="🙎‍♀" type="tts">pout banaati mahila</annotation>
		<annotation cp="🙅">forbidden | gesture | hand | NO kaa gesture deta vyakti | prohibited</annotation>
		<annotation cp="🙅" type="tts">NO kaa gesture deta vyakti</annotation>
		<annotation cp="🙅‍♂">forbidden | gesture | hand | man | NO kaa gesture deta aadmi | prohibited</annotation>
		<annotation cp="🙅‍♂" type="tts">NO kaa gesture deta aadmi</annotation>
		<annotation cp="🙅‍♀">forbidden | gesture | hand | NO kaa gesture deti mahila | prohibited | woman</annotation>
		<annotation cp="🙅‍♀" type="tts">NO kaa gesture deti mahila</annotation>
		<annotation cp="🙆">gesture | hand | OK | OK kaa gesture deta vyakti</annotation>
		<annotation cp="🙆" type="tts">OK kaa gesture deta vyakti</annotation>
		<annotation cp="🙆‍♂">gesture | hand | man | OK | OK kaa gesture deta aadmi</annotation>
		<annotation cp="🙆‍♂" type="tts">OK kaa gesture deta aadmi</annotation>
		<annotation cp="🙆‍♀">gesture | hand | OK | OK kaa gesture deti mahila | woman</annotation>
		<annotation cp="🙆‍♀" type="tts">OK kaa gesture deti mahila</annotation>
		<annotation cp="💁">hand | help | information | information desk kaa vyakti | sassy | tipping</annotation>
		<annotation cp="💁" type="tts">information desk kaa vyakti</annotation>
		<annotation cp="💁‍♂">information desk kaa aadmi | man | sassy | tipping hand</annotation>
		<annotation cp="💁‍♂" type="tts">information desk kaa aadmi</annotation>
		<annotation cp="💁‍♀">information desk ki mahila | sassy | tipping hand | woman</annotation>
		<annotation cp="💁‍♀" type="tts">information desk ki mahila</annotation>
		<annotation cp="🙋">gesture | haath uthaata vyakti | hand | happy | raised</annotation>
		<annotation cp="🙋" type="tts">haath uthaata vyakti</annotation>
		<annotation cp="🙋‍♂">gesture | haath uthaata aadmi | man | raising hand</annotation>
		<annotation cp="🙋‍♂" type="tts">haath uthaata aadmi</annotation>
		<annotation cp="🙋‍♀">gesture | haath uthaati mahila | raising hand | woman</annotation>
		<annotation cp="🙋‍♀" type="tts">haath uthaati mahila</annotation>
		<annotation cp="🙇">apology | bow | bow karta vyakti | gesture | sorry</annotation>
		<annotation cp="🙇" type="tts">bow karta vyakti</annotation>
		<annotation cp="🙇‍♂">apology | bow karta aadmi | bowing | favor | gesture | man | sorry</annotation>
		<annotation cp="🙇‍♂" type="tts">bow karta aadmi</annotation>
		<annotation cp="🙇‍♀">apology | bow karti mahila | bowing | favor | gesture | sorry | woman</annotation>
		<annotation cp="🙇‍♀" type="tts">bow karti mahila</annotation>
		<annotation cp="🤦">disbelief | exasperation | face | face par palm rakhe hua vyakti | palm</annotation>
		<annotation cp="🤦" type="tts">face par palm rakhe hua vyakti</annotation>
		<annotation cp="🤦‍♂">disbelief | exasperation | face par palm rakhe hua aadmi | facepalm | man</annotation>
		<annotation cp="🤦‍♂" type="tts">face par palm rakhe hua aadmi</annotation>
		<annotation cp="🤦‍♀">disbelief | exasperation | face par palm rakhe huye mahila | facepalm | woman</annotation>
		<annotation cp="🤦‍♀" type="tts">face par palm rakhe huye mahila</annotation>
		<annotation cp="🤷">doubt | ignorance | indifference | shrug | shrug karta vyakti</annotation>
		<annotation cp="🤷" type="tts">shrug karta vyakti</annotation>
		<annotation cp="🤷‍♂">doubt | ignorance | indifference | man | shrug | shrug karta aadmi</annotation>
		<annotation cp="🤷‍♂" type="tts">shrug karta aadmi</annotation>
		<annotation cp="🤷‍♀">doubt | ignorance | indifference | shrug | shrug karti mahila | woman</annotation>
		<annotation cp="🤷‍♀" type="tts">shrug karti mahila</annotation>
		<annotation cp="👳">turban | turban wala vyakti</annotation>
		<annotation cp="👳" type="tts">turban wala vyakti</annotation>
		<annotation cp="👳‍♂">man | turban | turban wala aadmi</annotation>
		<annotation cp="👳‍♂" type="tts">turban wala aadmi</annotation>
		<annotation cp="👳‍♀">turban | turban wali mahila | woman</annotation>
		<annotation cp="👳‍♀" type="tts">turban wali mahila</annotation>
		<annotation cp="👲">cap | gua pi mao | hat | person | skullcap | skullcap wala aadmi | skullcap wala vyakti</annotation>
		<annotation cp="👲" type="tts">skullcap wala aadmi</annotation>
		<annotation cp="🧕">headscarf | headscarf pahne mahila | hijab | mantilla | tichel</annotation>
		<annotation cp="🧕" type="tts">headscarf pahne mahila</annotation>
		<annotation cp="🤵">groom | person | suit boot mein vyakti | tuxedo</annotation>
		<annotation cp="🤵" type="tts">suit boot mein vyakti</annotation>
		<annotation cp="🤵‍♂">man | suit boot mein aadmi | tuxedo</annotation> <!-- 1F935 200D 2642 -->
		<annotation cp="🤵‍♂" type="tts">suit boot mein aadmi</annotation>
		<annotation cp="🤵‍♀">suit boot mein mahila | tuxedo | woman</annotation> <!-- 1F935 200D 2640 -->
		<annotation cp="🤵‍♀" type="tts">suit boot mein mahila</annotation>
		<annotation cp="👰‍♀">parde mein dulhan | veil | woman</annotation> <!-- 1F470 200D 2640 -->
		<annotation cp="👰‍♀" type="tts">parde mein dulhan</annotation>
		<annotation cp="👩‍🍼">baby | baby ko feed karti mahila | feeding | nursing | woman</annotation> <!-- 1F469 200D 1F37C -->
		<annotation cp="👩‍🍼" type="tts">baby ko feed karti mahila</annotation>
		<annotation cp="👨‍🍼">baby | baby ko feed karta aadmi | feeding | man | nursing</annotation> <!-- 1F468 200D 1F37C -->
		<annotation cp="👨‍🍼" type="tts">baby ko feed karta aadmi</annotation>
		<annotation cp="🧑‍🍼">baby | baby ko feed karta vyakti | feeding | nursing | person</annotation> <!-- 1F9D1 200D 1F37C -->
		<annotation cp="🧑‍🍼" type="tts">baby ko feed karta vyakti</annotation>
		<annotation cp="💆">face | massage | massage karwaata vyakti | salon</annotation>
		<annotation cp="💆" type="tts">massage karwaata vyakti</annotation>
		<annotation cp="💆‍♂">face | man | massage | massage karwaata aadmi</annotation>
		<annotation cp="💆‍♂" type="tts">massage karwaata aadmi</annotation>
		<annotation cp="💆‍♀">face | massage | massage karwaati mahila | woman</annotation>
		<annotation cp="💆‍♀" type="tts">massage karwaati mahila</annotation>
		<annotation cp="💇">barber | beauty | haircut | haircut leta vyakti | parlor</annotation>
		<annotation cp="💇" type="tts">haircut leta vyakti</annotation>
		<annotation cp="💇‍♂">haircut | haircut leta aadmi | man</annotation>
		<annotation cp="💇‍♂" type="tts">haircut leta aadmi</annotation>
		<annotation cp="💇‍♀">haircut | haircut leti mahila | woman</annotation>
		<annotation cp="💇‍♀" type="tts">haircut leti mahila</annotation>
		<annotation cp="🚶">hike | walk | walk karta vyakti | walking</annotation>
		<annotation cp="🚶" type="tts">walk karta vyakti</annotation>
		<annotation cp="🚶‍♂">hike | man | walk | walk karta aadmi</annotation>
		<annotation cp="🚶‍♂" type="tts">walk karta aadmi</annotation>
		<annotation cp="🚶‍♀">hike | walk | walk karti mahila | woman</annotation>
		<annotation cp="🚶‍♀" type="tts">walk karti mahila</annotation>
		<annotation cp="🧍">khada hua vyakti | stand | standing</annotation>
		<annotation cp="🧍" type="tts">khada hua vyakti</annotation>
		<annotation cp="🧍‍♂">khada aadmi | man</annotation>
		<annotation cp="🧍‍♂" type="tts">khada aadmi</annotation>
		<annotation cp="🧍‍♀">khadi aurat | standing</annotation>
		<annotation cp="🧍‍♀" type="tts">khadi aurat</annotation>
		<annotation cp="🧎">kneel | kneeling | knees par baitha vyakti</annotation>
		<annotation cp="🧎" type="tts">knees par baitha vyakti</annotation>
		<annotation cp="🧎‍♂">aadmi | knees par baitha aadmi | knees par baithna</annotation>
		<annotation cp="🧎‍♂" type="tts">knees par baitha aadmi</annotation>
		<annotation cp="🧎‍♀">knees par baithi mahila | knees par baithna | mahila</annotation>
		<annotation cp="🧎‍♀" type="tts">knees par baithi mahila</annotation>
		<annotation cp="🧑‍🦯">accessibility | blind | white cane pakda hua vyakti</annotation>
		<annotation cp="🧑‍🦯" type="tts">white cane pakda hua vyakti</annotation>
		<annotation cp="👨‍🦯">accessibility | blind | man | white cane pakda hua aadmi</annotation>
		<annotation cp="👨‍🦯" type="tts">white cane pakda hua aadmi</annotation>
		<annotation cp="👩‍🦯">accessibility | blind | white cane pakde hui mahila | woman</annotation>
		<annotation cp="👩‍🦯" type="tts">white cane pakde hui mahila</annotation>
		<annotation cp="🧑‍🦼">accessibility | motor wheelchair par baitha vyakti | wheelchair</annotation>
		<annotation cp="🧑‍🦼" type="tts">motor wheelchair par baitha vyakti</annotation>
		<annotation cp="👨‍🦼">accessibility | man | motor wheelchair par baitha aadmi | wheelchair</annotation>
		<annotation cp="👨‍🦼" type="tts">motor wheelchair par baitha aadmi</annotation>
		<annotation cp="👩‍🦼">accessibility | motor wheelchair par baithi aurat | wheelchair | woman</annotation>
		<annotation cp="👩‍🦼" type="tts">motor wheelchair par baithi aurat</annotation>
		<annotation cp="🧑‍🦽">accessibility | manual wheelchair par baitha vyakti | wheelchair</annotation>
		<annotation cp="🧑‍🦽" type="tts">manual wheelchair par baitha vyakti</annotation>
		<annotation cp="👨‍🦽">accessibility | man | manual wheelchair par baitha aadmi | wheelchair</annotation>
		<annotation cp="👨‍🦽" type="tts">manual wheelchair par baitha aadmi</annotation>
		<annotation cp="👩‍🦽">accessibility | manual wheelchair par baithi mahila | wheelchair</annotation>
		<annotation cp="👩‍🦽" type="tts">manual wheelchair par baithi mahila</annotation>
		<annotation cp="🏃">marathon | run karta vyakti | running</annotation>
		<annotation cp="🏃" type="tts">run karta vyakti</annotation>
		<annotation cp="🏃‍♂">man | marathon | racing | run karta aadmi | running</annotation>
		<annotation cp="🏃‍♂" type="tts">run karta aadmi</annotation>
		<annotation cp="🏃‍♀">marathon | racing | run karti mahila | running | woman</annotation>
		<annotation cp="🏃‍♀" type="tts">run karti mahila</annotation>
		<annotation cp="💃">dance | dance karti mahila | dancing | woman</annotation>
		<annotation cp="💃" type="tts">dance karti mahila</annotation>
		<annotation cp="🕺">dance | dance karta aadmi | dancing | man</annotation>
		<annotation cp="🕺" type="tts">dance karta aadmi</annotation>
		<annotation cp="🕴">business | person | person in suit levitating | suit | suit wala vyakti</annotation>
		<annotation cp="🕴" type="tts">suit wala vyakti</annotation>
		<annotation cp="👯">dancer | khargosh ke kaan | khargosh ke kaan wale log | party karna</annotation>
		<annotation cp="👯" type="tts">khargosh ke kaan wale log</annotation>
		<annotation cp="👯‍♂">bunny ear | dancer | khargosh ke kaan wale aadmi | men | partying</annotation>
		<annotation cp="👯‍♂" type="tts">khargosh ke kaan wale aadmi</annotation>
		<annotation cp="👯‍♀">bunny ear | dancer | khargosh ke kaan wali mahilaayein | partying | women</annotation>
		<annotation cp="👯‍♀" type="tts">khargosh ke kaan wali mahilaayein</annotation>
		<annotation cp="🧖">sauna | steam room | steamy room mein vyakti</annotation>
		<annotation cp="🧖" type="tts">steamy room mein vyakti</annotation>
		<annotation cp="🧖‍♂">sauna | steam room | steamy room mein aadmi</annotation>
		<annotation cp="🧖‍♂" type="tts">steamy room mein aadmi</annotation>
		<annotation cp="🧖‍♀">sauna | steam room | steamy room mein mahila</annotation>
		<annotation cp="🧖‍♀" type="tts">steamy room mein mahila</annotation>
		<annotation cp="🧗">climb karta vyakti | climber</annotation>
		<annotation cp="🧗" type="tts">climb karta vyakti</annotation>
		<annotation cp="🧗‍♂">climb karta aadmi | climber</annotation>
		<annotation cp="🧗‍♂" type="tts">climb karta aadmi</annotation>
		<annotation cp="🧗‍♀">climb karti mahila | climber</annotation>
		<annotation cp="🧗‍♀" type="tts">climb karti mahila</annotation>
		<annotation cp="🤺">fencer | fencing | fencing karta vyakti | sword</annotation>
		<annotation cp="🤺" type="tts">fencing karta vyakti</annotation>
		<annotation cp="🏌">ball | golf | golf khelta vyakti</annotation>
		<annotation cp="🏌" type="tts">golf khelta vyakti</annotation>
		<annotation cp="🏌‍♂">golf | golf khelta aadmi | man</annotation>
		<annotation cp="🏌‍♂" type="tts">golf khelta aadmi</annotation>
		<annotation cp="🏌‍♀">golf | golf khelti mahila | woman</annotation>
		<annotation cp="🏌‍♀" type="tts">golf khelti mahila</annotation>
		<annotation cp="🏄">surfing | surfing karta vyakti</annotation>
		<annotation cp="🏄" type="tts">surfing karta vyakti</annotation>
		<annotation cp="🏄‍♂">man | surfing | surfing karta aadmi</annotation>
		<annotation cp="🏄‍♂" type="tts">surfing karta aadmi</annotation>
		<annotation cp="🏄‍♀">surfing | surfing karti mahila | woman</annotation>
		<annotation cp="🏄‍♀" type="tts">surfing karti mahila</annotation>
		<annotation cp="🚣">boat | boat rowing karta vyakti | rowboat</annotation>
		<annotation cp="🚣" type="tts">boat rowing karta vyakti</annotation>
		<annotation cp="🚣‍♂">boat | boat rowing karta aadmi | man | rowboat</annotation>
		<annotation cp="🚣‍♂" type="tts">boat rowing karta aadmi</annotation>
		<annotation cp="🚣‍♀">boat | boat rowing karti karti mahila | boat rowing karti mahila | rowboat | woman</annotation>
		<annotation cp="🚣‍♀" type="tts">boat rowing karti karti mahila</annotation>
		<annotation cp="🏊">swim | swimming karta vyakti</annotation>
		<annotation cp="🏊" type="tts">swimming karta vyakti</annotation>
		<annotation cp="🏊‍♂">man | swim | swimming karta aadmi</annotation>
		<annotation cp="🏊‍♂" type="tts">swimming karta aadmi</annotation>
		<annotation cp="🏊‍♀">swim | swimming karti mahila | woman</annotation>
		<annotation cp="🏊‍♀" type="tts">swimming karti mahila</annotation>
		<annotation cp="⛹">ball | ball se khelta vyakti</annotation>
		<annotation cp="⛹" type="tts">ball se khelta vyakti</annotation>
		<annotation cp="⛹‍♂">ball | ball se khelta aadmi | man</annotation>
		<annotation cp="⛹‍♂" type="tts">ball se khelta aadmi</annotation>
		<annotation cp="⛹‍♀">ball | ball se khelti mahila | woman</annotation>
		<annotation cp="⛹‍♀" type="tts">ball se khelti mahila</annotation>
		<annotation cp="🏋">lifter | weight | weightlifting karta vyakti</annotation>
		<annotation cp="🏋" type="tts">weightlifting karta vyakti</annotation>
		<annotation cp="🏋‍♂">man | weight lifter | weightlifting karta aadmi</annotation>
		<annotation cp="🏋‍♂" type="tts">weightlifting karta aadmi</annotation>
		<annotation cp="🏋‍♀">weight lifter | weightlifting karti mahila | woman</annotation>
		<annotation cp="🏋‍♀" type="tts">weightlifting karti mahila</annotation>
		<annotation cp="🚴">bicycle | biking | cycle chalaata vyakti | cyclist</annotation>
		<annotation cp="🚴" type="tts">cycle chalaata vyakti</annotation>
		<annotation cp="🚴‍♂">bicycle | biking | cycle chalaata aadmi | cyclist | man</annotation>
		<annotation cp="🚴‍♂" type="tts">cycle chalaata aadmi</annotation>
		<annotation cp="🚴‍♀">bicycle | biking | cycle chalaati mahila | cyclist | woman</annotation>
		<annotation cp="🚴‍♀" type="tts">cycle chalaati mahila</annotation>
		<annotation cp="🚵">bicycle | bicyclist | bike | cyclist | mountain | mountain biking karta vyakti | person mountain biking</annotation>
		<annotation cp="🚵" type="tts">mountain biking karta vyakti</annotation>
		<annotation cp="🚵‍♂">bicycle | bike | cyclist | man | mountain | mountain biking karta aadmi</annotation>
		<annotation cp="🚵‍♂" type="tts">mountain biking karta aadmi</annotation>
		<annotation cp="🚵‍♀">bicycle | bike | biking | cyclist | mountain | mountain biking karti mahila | woman</annotation>
		<annotation cp="🚵‍♀" type="tts">mountain biking karti mahila</annotation>
		<annotation cp="🤸">cartwheel | cartwheeling karta vyakti | gymnastics</annotation>
		<annotation cp="🤸" type="tts">cartwheeling karta vyakti</annotation>
		<annotation cp="🤸‍♂">cartwheel | cartwheeling karta aadmi | gymnastics | man</annotation>
		<annotation cp="🤸‍♂" type="tts">cartwheeling karta aadmi</annotation>
		<annotation cp="🤸‍♀">cartwheel | cartwheeling karti mahila | gymnastics | woman</annotation>
		<annotation cp="🤸‍♀" type="tts">cartwheeling karti mahila</annotation>
		<annotation cp="🤼">wrestle | wrestler | wrestling karte log</annotation>
		<annotation cp="🤼" type="tts">wrestling karte log</annotation>
		<annotation cp="🤼‍♂">men | wrestle | wrestling karte aadmi</annotation>
		<annotation cp="🤼‍♂" type="tts">wrestling karte aadmi</annotation>
		<annotation cp="🤼‍♀">women | wrestle | wrestling karti mahilaayein</annotation>
		<annotation cp="🤼‍♀" type="tts">wrestling karti mahilaayein</annotation>
		<annotation cp="🤽">polo | water | water polo khelta vyakt | water polo khelta vyakti</annotation>
		<annotation cp="🤽" type="tts">water polo khelta vyakt</annotation>
		<annotation cp="🤽‍♂">man | water polo | water polo khelta aadmi</annotation>
		<annotation cp="🤽‍♂" type="tts">water polo khelta aadmi</annotation>
		<annotation cp="🤽‍♀">water polo | water polo khelti mahila | woman</annotation>
		<annotation cp="🤽‍♀" type="tts">water polo khelti mahila</annotation>
		<annotation cp="🤾">ball | handball | handball khelta vyakti</annotation>
		<annotation cp="🤾" type="tts">handball khelta vyakti</annotation>
		<annotation cp="🤾‍♂">handball | handball khelta aadmi | man</annotation>
		<annotation cp="🤾‍♂" type="tts">handball khelta aadmi</annotation>
		<annotation cp="🤾‍♀">handball | handball khelti mahila | woman</annotation>
		<annotation cp="🤾‍♀" type="tts">handball khelti mahila</annotation>
		<annotation cp="🤹">balance | juggle | juggling karta vyakti | multitask | skill</annotation>
		<annotation cp="🤹" type="tts">juggling karta vyakti</annotation>
		<annotation cp="🤹‍♂">juggling | juggling karta aadmi | man | multitask</annotation>
		<annotation cp="🤹‍♂" type="tts">juggling karta aadmi</annotation>
		<annotation cp="🤹‍♀">juggling | juggling karti mahila | multitask | woman</annotation>
		<annotation cp="🤹‍♀" type="tts">juggling karti mahila</annotation>
		<annotation cp="🧘">meditation | padmaasan mein baitha vyakti | yoga</annotation>
		<annotation cp="🧘" type="tts">padmaasan mein baitha vyakti</annotation>
		<annotation cp="🧘‍♂">meditation | padmaasan mein baitha aadmi | yoga</annotation>
		<annotation cp="🧘‍♂" type="tts">padmaasan mein baitha aadmi</annotation>
		<annotation cp="🧘‍♀">meditation | padmaasan mein baithi mahila | yoga</annotation>
		<annotation cp="🧘‍♀" type="tts">padmaasan mein baithi mahila</annotation>
		<annotation cp="🛀">bath | bath leta vyakti | bathtub | person taking bath</annotation>
		<annotation cp="🛌">bed par sota vyakti | good night | hotel | sleep</annotation>
		<annotation cp="🛌" type="tts">bed par sota vyakti</annotation>
		<annotation cp="🧑‍🤝‍🧑">couple | haath pakde huye | haath pakde huye log | hand | hold | person</annotation>
		<annotation cp="🧑‍🤝‍🧑" type="tts">haath pakde huye log</annotation>
		<annotation cp="👭">couple | haath pakde do mahilaayein | haath pakdna | hand | women</annotation>
		<annotation cp="👭" type="tts">haath pakde do mahilaayein</annotation>
		<annotation cp="👫">aadmi | aurat | couple | haath mein haath liye aurat-aadmi | haath pakadna | hand | hold</annotation>
		<annotation cp="👫" type="tts">haath mein haath liye aurat-aadmi</annotation>
		<annotation cp="👬">couple | Gemini | haath pakadna | haath pakde do aadmi | man | men | twins | zodiac</annotation>
		<annotation cp="👬" type="tts">haath pakde do aadmi</annotation>
		<annotation cp="💑">couple | heart symbol ke saath couple | love</annotation>
		<annotation cp="💑" type="tts">heart symbol ke saath couple</annotation>
		<annotation cp="🗣">bolta face | face | face kaa shape | head | speak</annotation>
		<annotation cp="🗣" type="tts">bolta face</annotation>
		<annotation cp="👤">body kaa upper part | body ke upper part ki image | silhouette</annotation>
		<annotation cp="👤" type="tts">body ke upper part ki image</annotation>
		<annotation cp="👥">body ke upper part ki image | body ke upper part ki images | bust | silhouette</annotation>
		<annotation cp="👥" type="tts">body ke upper part ki images</annotation>
		<annotation cp="🫂">goodbye | hello | hug | hug karte huye log | thanks</annotation>
		<annotation cp="🫂" type="tts">hug karte huye log</annotation>
		<annotation cp="🐪">camel | ek hump kaa camel | hump</annotation>
		<annotation cp="🐫">bactrian | camel | do hump wala camel | hump</annotation>
		<annotation cp="🐫" type="tts">do hump wala camel</annotation>
		<annotation cp="🐾">feet | panje ke prints | paw | print</annotation>
		<annotation cp="🐾" type="tts">panje ke prints</annotation>
		<annotation cp="🐣">anda phootna | ande se baahar aata chick | baby | bird | chick</annotation>
		<annotation cp="🐣" type="tts">ande se baahar aata chick</annotation>
		<annotation cp="🐥">baby | bird | chick | front face karta baby chick</annotation>
		<annotation cp="🐥" type="tts">front face karta baby chick</annotation>
		<annotation cp="🐳">face | spout karna | spout karti whale | whale</annotation>
		<annotation cp="🐳" type="tts">spout karti whale</annotation>
		<annotation cp="🥀">flower | murjhaaya huya phool</annotation>
		<annotation cp="🥀" type="tts">murjhaaya huya phool</annotation>
		<annotation cp="🪴">boring | grow | house | nurture karna | plant | pot mein laga plant | useless</annotation>
		<annotation cp="🪴" type="tts">pot mein laga plant</annotation>
		<annotation cp="🌾">chaawal ki baali | ear | grain | rice</annotation>
		<annotation cp="🌾" type="tts">chaawal ki baali</annotation>
		<annotation cp="🍀">4 | 4 leaves wali grass | clover | four | leaf</annotation>
		<annotation cp="🍀" type="tts">4 leaves wali grass</annotation>
		<annotation cp="🍂">falling | giri hui leaf | leaf</annotation>
		<annotation cp="🍂" type="tts">giri hui leaf</annotation>
		<annotation cp="🍃">blow | flutter | hawa mein lahraati leaf | leaf | wind</annotation>
		<annotation cp="🍃" type="tts">hawa mein lahraati leaf</annotation>
		<annotation cp="🧇">breakfast | indecisive | iron | waffle</annotation>
		<annotation cp="🍖">bone | bone wala meat | meat</annotation>
		<annotation cp="🍖" type="tts">bone wala meat</annotation>
		<annotation cp="🍗" type="tts">chicken leg</annotation>
		<annotation cp="🥩">chop | lambchop | meat kaa piece | porkchop | steak</annotation>
		<annotation cp="🥩" type="tts">meat kaa piece</annotation>
		<annotation cp="🥙">falafel | food | gyro | kebab | paraantha | stuffed</annotation>
		<annotation cp="🥙" type="tts">stuffed paraantha</annotation>
		<annotation cp="🥘">casserole | food | food ke liye kam deep pan | paella | pan | shallow</annotation>
		<annotation cp="🥘" type="tts">food ke liye kam deep pan</annotation>
		<annotation cp="🍲">food pot | pot | stew</annotation>
		<annotation cp="🍲" type="tts">food pot</annotation>
		<annotation cp="🥣">bowl ke saath spoon | bowl with spoon | breakfast | cereal | congee</annotation>
		<annotation cp="🥣" type="tts">bowl ke saath spoon</annotation>
		<annotation cp="🧂">masaala | namak | shaker</annotation>
		<annotation cp="🧂" type="tts">namak</annotation>
		<annotation cp="🍥">cake | fish | pastry | swirl | swirls wala fish cake</annotation>
		<annotation cp="🍥" type="tts">swirls wala fish cake</annotation>
		<annotation cp="🥛">doodh kaa glass | drink | glass | milk</annotation>
		<annotation cp="🥛" type="tts">doodh kaa glass</annotation>
		<annotation cp="🍵">beverage | bina handle wala teacup | cup | drink | tea | teacup | teacup without handle</annotation>
		<annotation cp="🍵" type="tts">bina handle wala teacup</annotation>
		<annotation cp="🍶">bar | beverage | bottle | cup | drink | sake</annotation>
		<annotation cp="🍾">bar | bottle | cork | cork khulti hui bottle | drink | popping</annotation>
		<annotation cp="🍾" type="tts">cork khulti hui bottle</annotation>
		<annotation cp="🍻">bar | beer | cheers karte beer mugs | clink | drink | mug</annotation>
		<annotation cp="🍻" type="tts">cheers karte beer mugs</annotation>
		<annotation cp="🥂">celebrate | cheers karte glasses | clink | drink | glass</annotation>
		<annotation cp="🥂" type="tts">cheers karte glasses</annotation>
		<annotation cp="🥤">juice | soda | straw ke saath cup</annotation>
		<annotation cp="🥤" type="tts">straw ke saath cup</annotation>
		<annotation cp="🍽">cooking | fork | knife | plate | plate ke saath knife aur fork</annotation>
		<annotation cp="🍽" type="tts">plate ke saath knife aur fork</annotation>
		<annotation cp="🍴">cooking | cutlery | fork | fork aur knife | knife</annotation>
		<annotation cp="🍴" type="tts">fork aur knife</annotation>
		<annotation cp="🌍">Africa | earth | Europe | Europe-Africa dikhaata globe | globe | world</annotation>
		<annotation cp="🌍" type="tts">Europe-Africa dikhaata globe</annotation>
		<annotation cp="🌎">Americas | Americas dikhaata globe | earth | globe | world</annotation>
		<annotation cp="🌎" type="tts">Americas dikhaata globe</annotation>
		<annotation cp="🌏">Asia | Asia-Australia dikhaata globe | Australia | earth | globe | world</annotation>
		<annotation cp="🌏" type="tts">Asia-Australia dikhaata globe</annotation>
		<annotation cp="🌐">earth | globe | meridians | meridians dikhaata globe | world</annotation>
		<annotation cp="🌐" type="tts">meridians dikhaata globe</annotation>
		<annotation cp="🗾">Japan | Japan kaa map | map</annotation>
		<annotation cp="🗾" type="tts">Japan kaa map</annotation>
		<annotation cp="🗻">fuji | mount fuji | mountain</annotation>
		<annotation cp="🗻" type="tts">mount fuji</annotation>
		<annotation cp="🏖">beach | beach par umbrella | umbrella</annotation>
		<annotation cp="🏖" type="tts">beach par umbrella</annotation>
		<annotation cp="🏛">classical | classical building</annotation>
		<annotation cp="🏡">garden | garden wala house | home | house</annotation>
		<annotation cp="🏡" type="tts">garden wala house</annotation>
		<annotation cp="🕌">islam | mosque | Muslim | religion</annotation>
		<annotation cp="🛕">hindu | temple</annotation>
		<annotation cp="🛕" type="tts">hindu temple</annotation>
		<annotation cp="🕋">islam | kaaba | Muslim | religion</annotation>
		<annotation cp="🕋" type="tts">kaaba</annotation>
		<annotation cp="🌃">night | star | stars wali night</annotation>
		<annotation cp="🌃" type="tts">stars wali night</annotation>
		<annotation cp="🌆">city | evening | landscape | shaam | shaam ke time kaa cityscape | sunset</annotation>
		<annotation cp="🌆" type="tts">shaam ke time kaa cityscape</annotation>
		<annotation cp="🌉">bridge | night | night mein bridge kaa view</annotation>
		<annotation cp="🌉" type="tts">night mein bridge kaa view</annotation>
		<annotation cp="🚍">aati hui bus | bus</annotation>
		<annotation cp="🚍" type="tts">aati hui bus</annotation>
		<annotation cp="🚔">aati hui police car | car | police</annotation>
		<annotation cp="🚔" type="tts">aati hui police car</annotation>
		<annotation cp="🚖">aati hui taxi | taxi</annotation>
		<annotation cp="🚖" type="tts">aati hui taxi</annotation>
		<annotation cp="🚘">aati hui car | automobile | car</annotation>
		<annotation cp="🚘" type="tts">aati hui car</annotation>
		<annotation cp="🚙">recreational | sport utility | sport utility vehicle</annotation>
		<annotation cp="🚨">beacon | car | light | police | police car ki light | revolve karti light</annotation>
		<annotation cp="🚨" type="tts">police car ki light</annotation>
		<annotation cp="🕡">6 | 6:30 | clock | six | six-thirty | thirty</annotation>
		<annotation cp="🌝">bright | face | full | full moon wala face | moon</annotation>
		<annotation cp="🌝" type="tts">full moon wala face</annotation>
		<annotation cp="🌞">bright | face | face wala sun | sun</annotation>
		<annotation cp="🌞" type="tts">face wala sun</annotation>
		<annotation cp="🪐">ring wala planet | saturn | saturnine</annotation>
		<annotation cp="🪐" type="tts">ring wala planet</annotation>
		<annotation cp="🌟">chamakta star | glittery | glow | shining | sparkle | star</annotation>
		<annotation cp="🌟" type="tts">chamakta star</annotation>
		<annotation cp="⛅">baadlon ke peeche sun | cloud | sun</annotation>
		<annotation cp="⛅" type="tts">baadlon ke peeche sun</annotation>
		<annotation cp="⛈">cloud | lightning aur baarish waale baadal | rain | thunder</annotation>
		<annotation cp="⛈" type="tts">lightning aur baarish waale baadal</annotation>
		<annotation cp="🌤">chhote baadlon ke peeche chhupa sun | cloud | sun</annotation>
		<annotation cp="🌤" type="tts">chhote baadlon ke peeche chhupa sun</annotation>
		<annotation cp="🌥">bade baadlon ke peeche chhupa sun | cloud | sun</annotation>
		<annotation cp="🌥" type="tts">bade baadlon ke peeche chhupa sun</annotation>
		<annotation cp="🌦">baarish wale baadlon ke peeche chhupa sun | cloud | rain | sun</annotation>
		<annotation cp="🌦" type="tts">baarish wale baadlon ke peeche chhupa sun</annotation>
		<annotation cp="🌧">baarish ke saath baadal | cloud | cloud with rain | rain</annotation>
		<annotation cp="🌧" type="tts">baarish ke saath baadal</annotation>
		<annotation cp="🌨">barf ke saath baadal | cloud | cold | snow</annotation>
		<annotation cp="🌨" type="tts">barf ke saath baadal</annotation>
		<annotation cp="🌩">cloud | lightning | lightning wale baadal</annotation>
		<annotation cp="🌩" type="tts">lightning wale baadal</annotation>
		<annotation cp="🌂">band umbrella | clothing | rain | umbrella</annotation>
		<annotation cp="🌂" type="tts">band umbrella</annotation>
		<annotation cp="☔">clothing | drop | rain | rain drops wala umbrella | umbrella</annotation>
		<annotation cp="☔" type="tts">rain drops wala umbrella</annotation>
		<annotation cp="⛱">rain | sun | umbrella | zameen par umbrella</annotation>
		<annotation cp="⛱" type="tts">zameen par umbrella</annotation>
		<annotation cp="⛄">bina barf wala snowman | cold | snow | snowman</annotation>
		<annotation cp="⛄" type="tts">bina barf wala snowman</annotation>
		<annotation cp="🎑">celebration | ceremony | moon | moon dekhne ki ceremony</annotation>
		<annotation cp="🎑" type="tts">moon dekhne ki ceremony</annotation>
		<annotation cp="🪄">jaadoo ki chhadi | magic | witch | wizard</annotation>
		<annotation cp="🪄" type="tts">jaadoo ki chhadi</annotation>
		<annotation cp="🧿">bead | charm | evil-eye | nazar | nazar ki taabeez | talisman</annotation>
		<annotation cp="🧿" type="tts">nazar ki taabeez</annotation>
		<annotation cp="🧩">clue | interlocking | jigsaw | piece | puzzle | puzzle game</annotation>
		<annotation cp="🧩" type="tts">puzzle game</annotation>
		<annotation cp="🖼">art | frame | frame ki gai picture | museum | painting | picture</annotation>
		<annotation cp="🖼" type="tts">frame ki gai picture</annotation>
		<annotation cp="🥽">eyes ki protection | goggles | swimming | welding</annotation>
		<annotation cp="🩱">bathing suit | one-piece swimsuit</annotation>
		<annotation cp="🩴">beach sandals | sandals | thong sandal | thong sandals | thongs | zōri</annotation>
		<annotation cp="🥿">ballet flat | flat shoe | slip-on | slipper</annotation>
		<annotation cp="👠">clothing | heel | high-heel kaa shoe | shoe | woman</annotation>
		<annotation cp="👠" type="tts">high-heel kaa shoe</annotation>
		<annotation cp="👡">clothing | mahilaaon kaa sandal | sandal | shoe | woman</annotation>
		<annotation cp="👡" type="tts">mahilaaon kaa sandal</annotation>
		<annotation cp="👢">boot | clothing | mahilaaon kaa boot | shoe | woman</annotation>
		<annotation cp="👢" type="tts">mahilaaon kaa boot</annotation>
		<annotation cp="👒">clothing | hat | mahilaaon ki hat | woman</annotation>
		<annotation cp="👒" type="tts">mahilaaon ki hat</annotation>
		<annotation cp="⛑">aid | cross | face | hat | helmet | rescue worker kaa helmet</annotation>
		<annotation cp="⛑" type="tts">rescue worker kaa helmet</annotation>
		<annotation cp="📿">beads | clothing | necklace | pooja ki maala ke manke | prayer | religion</annotation>
		<annotation cp="📿" type="tts">pooja ki maala ke manke</annotation>
		<annotation cp="🔇">mute | mute kiya speaker | quiet | silent | speaker</annotation>
		<annotation cp="🔇" type="tts">mute kiya speaker</annotation>
		<annotation cp="🔈">soft | speaker kaa low volume</annotation>
		<annotation cp="🔈" type="tts">speaker kaa low volume</annotation>
		<annotation cp="🔉">medium | speaker kaa medium volume</annotation>
		<annotation cp="🔉" type="tts">speaker kaa medium volume</annotation>
		<annotation cp="🔊">loud | speaker kaa high volume</annotation>
		<annotation cp="🔊" type="tts">speaker kaa high volume</annotation>
		<annotation cp="📯" type="tts">postal horn</annotation>
		<annotation cp="🔕">bell | forbidden | mute | quiet | silent | slash ke saath bell</annotation>
		<annotation cp="🔕" type="tts">slash ke saath bell</annotation>
		<annotation cp="📲">arrow | arrow ke saath mobile phone | cell | mobile | phone | receive</annotation>
		<annotation cp="📲" type="tts">arrow ke saath mobile phone</annotation>
		<annotation cp="📸">camera | flash | flash wala camera | video</annotation>
		<annotation cp="📸" type="tts">flash wala camera</annotation>
		<annotation cp="🔍">glass | left ki taraf tilted magnifying glass | magnifying | search | tool</annotation>
		<annotation cp="🔍" type="tts">left ki taraf tilted magnifying glass</annotation>
		<annotation cp="🔎">glass | magnifying | right ki taraf tilted magnifying glass | search | tool</annotation>
		<annotation cp="🔎" type="tts">right ki taraf tilted magnifying glass</annotation>
		<annotation cp="🏮">bar | lantern | light | red | red paper wala lantern</annotation>
		<annotation cp="🏮" type="tts">red paper wala lantern</annotation>
		<annotation cp="📔">book | cover | decorated | decorative cover wali notebook | notebook</annotation>
		<annotation cp="📔" type="tts">decorative cover wali notebook</annotation>
		<annotation cp="📃">curl | document | muda hua page | page</annotation>
		<annotation cp="📃" type="tts">muda hua page</annotation>
		<annotation cp="🗞">news | newspaper | paper | roll kiya hua newspaper | rolled</annotation>
		<annotation cp="🗞" type="tts">roll kiya hua newspaper</annotation>
		<annotation cp="💰">bag | dollar | money | paise wala bag</annotation>
		<annotation cp="💰" type="tts">paise wala bag</annotation>
		<annotation cp="💷">banknote | bill | currency | money | note | pound</annotation>
		<annotation cp="💸">banknote | bill | fly | money | paise kharch karna | wings</annotation>
		<annotation cp="💸" type="tts">paise kharch karna</annotation>
		<annotation cp="💹">chart | graph | growth | money | yen | yen ki badhat dikhaane wala chart</annotation>
		<annotation cp="💹" type="tts">yen ki badhat dikhaane wala chart</annotation>
		<annotation cp="📩">arrow | arrow wala envelope | e-mail | email | envelope | envelope with arrow | outgoing</annotation>
		<annotation cp="📩" type="tts">arrow wala envelope</annotation>
		<annotation cp="📫">closed | lahraate flag wala band mailbox | mail | mailbox | postbox</annotation>
		<annotation cp="📫" type="tts">lahraate flag wala band mailbox</annotation>
		<annotation cp="📪">closed | jhuke flag wala band mailbox | lowered | mail | mailbox | postbox</annotation>
		<annotation cp="📪" type="tts">jhuke flag wala band mailbox</annotation>
		<annotation cp="📬">lahraate flag wala khula mailbox | mail | mailbox | open | postbox</annotation>
		<annotation cp="📬" type="tts">lahraate flag wala khula mailbox</annotation>
		<annotation cp="📭">jhuke flag wala khula mailbox | lowered | mail | mailbox | open | postbox</annotation>
		<annotation cp="📭" type="tts">jhuke flag wala khula mailbox</annotation>
		<annotation cp="🗳">ballot | ballot ke saath ballot box | box</annotation>
		<annotation cp="🗳" type="tts">ballot ke saath ballot box</annotation>
		<annotation cp="🖇">link | link kiye gaye paperclips | paperclip</annotation>
		<annotation cp="🖇" type="tts">link kiye gaye paperclips</annotation>
		<annotation cp="🔒">closed | locked</annotation>
		<annotation cp="🔓">lock | open | unlock | unlocked</annotation>
		<annotation cp="🔏">ink | lock | nib | pen | pen ke saath lock | privacy</annotation>
		<annotation cp="🔏" type="tts">pen ke saath lock</annotation>
		<annotation cp="🔐">closed | key | key ke saath lock | lock | secure</annotation>
		<annotation cp="🔐" type="tts">key ke saath lock</annotation>
		<annotation cp="🗝">clue | key | lock | old | puraani key</annotation>
		<annotation cp="🗝" type="tts">puraani key</annotation>
		<annotation cp="🔨">hathouda | tool</annotation>
		<annotation cp="🔨" type="tts">hathouda</annotation>
		<annotation cp="🪓">axe | chop | kulhaadi | split | wood</annotation>
		<annotation cp="🪓" type="tts">kulhaadi</annotation>
		<annotation cp="⛏">kudaali | mining | tool</annotation>
		<annotation cp="⛏" type="tts">kudaali</annotation>
		<annotation cp="⚒">hammer | hathouda aur kudaali | pick | tool</annotation>
		<annotation cp="⚒" type="tts">hathouda aur kudaali</annotation>
		<annotation cp="🛠">hammer | hathouda aur wrench | spanner | tool | wrench</annotation>
		<annotation cp="🛠" type="tts">hathouda aur wrench</annotation>
		<annotation cp="🗡">kataar | knife | weapon</annotation>
		<annotation cp="🗡" type="tts">kataar</annotation>
		<annotation cp="🔫">gun | handgun | paani ki pistol | pistol | revolver | tool | water | weapon</annotation>
		<annotation cp="🔫" type="tts">paani ki pistol</annotation>
		<annotation cp="🏹">archer | arrow | bow | Sagittarius | teer aur kamaan | zodiac</annotation>
		<annotation cp="🏹" type="tts">teer aur kamaan</annotation>
		<annotation cp="🪚">carpenter | carpenter ki aari | lumber | saw | tool</annotation>
		<annotation cp="🪚" type="tts">carpenter ki aari</annotation>
		<annotation cp="🔩">bolt | nut | nut aur bolt | tool</annotation>
		<annotation cp="🔩" type="tts">nut aur bolt</annotation>
		<annotation cp="⚖">justice | Libra | scale | taraazu | zodiac</annotation>
		<annotation cp="⚖" type="tts">taraazu</annotation>
		<annotation cp="🦯">accessibility | blind | white cane</annotation>
		<annotation cp="🩸">bleed | blood donation | blood ki drop | injury | medicine | menstruation</annotation>
		<annotation cp="🩸" type="tts">blood ki drop</annotation>
		<annotation cp="🩹">bandage | chipkaane wali bandage</annotation>
		<annotation cp="🩹" type="tts">chipkaane wali bandage</annotation>
		<annotation cp="🛋">couch | hotel | lamp | sofa aur lamp</annotation>
		<annotation cp="🛋" type="tts">sofa aur lamp</annotation>
		<annotation cp="🪒">razor | sharp | shave</annotation>
		<annotation cp="🧻">paper kaa roll | paper towels | toilet paper</annotation>
		<annotation cp="🧻" type="tts">paper kaa roll</annotation>
		<annotation cp="🚮">bin mein garbage daalne kaa sign | litter | litter bin | litter in bin sign</annotation>
		<annotation cp="🚮" type="tts">bin mein garbage daalne kaa sign</annotation>
		<annotation cp="🚰">drinking | peene kaa paani | potable | water</annotation>
		<annotation cp="🚰" type="tts">peene kaa paani</annotation>
		<annotation cp="🚾">bathroom | closet | lavatory | restroom | toilet | water | WC</annotation>
		<annotation cp="🛅">baggage | chhuta hua luggage | locker | luggage</annotation>
		<annotation cp="🛅" type="tts">chhuta hua luggage</annotation>
		<annotation cp="🚸">bachche nikal rahe hain | child | crossing | pedestrian | traffic</annotation>
		<annotation cp="🚸" type="tts">bachche nikal rahe hain</annotation>
		<annotation cp="🚱">non-drinking | peene laayak paani nahi | water</annotation>
		<annotation cp="🚱" type="tts">peene laayak paani nahi</annotation>
		<annotation cp="🚷">forbidden | no | not | paidal chalne ki permission nahi | pedestrian | prohibited</annotation>
		<annotation cp="🚷" type="tts">paidal chalne ki permission nahi</annotation>
		<annotation cp="📵">cell | forbidden | mobile | mobile phones use karne ki permission nahi | no | phone</annotation>
		<annotation cp="📵" type="tts">mobile phones use karne ki permission nahi</annotation>
		<annotation cp="🔞">18 | age restriction | eighteen | prohibited | under 18 ko permission nahi | underage</annotation>
		<annotation cp="🔞" type="tts">under 18 ko permission nahi</annotation>
		<annotation cp="⬆">arrow | cardinal | direction | north | Oopar ki ore arrow</annotation>
		<annotation cp="⬆" type="tts">Oopar ki ore arrow</annotation>
		<annotation cp="↩">arrow | left side muda hua right arrow</annotation>
		<annotation cp="↩" type="tts">left side muda hua right arrow</annotation>
		<annotation cp="↪">arrow | right side muda hua left arrow</annotation>
		<annotation cp="↪" type="tts">right side muda hua left arrow</annotation>
		<annotation cp="⤴">arrow | oopar ki taraf muda hua right arrow</annotation>
		<annotation cp="⤴" type="tts">oopar ki taraf muda hua right arrow</annotation>
		<annotation cp="⤵">arrow | down | niche ki taraf muda hua right arrow</annotation>
		<annotation cp="⤵" type="tts">niche ki taraf muda hua right arrow</annotation>
		<annotation cp="🔄">anticlockwise | anticlockwise arrows button | arrow | counterclockwise | withershins</annotation>
		<annotation cp="🔄" type="tts">anticlockwise arrows button</annotation>
		<annotation cp="🛐">pooja karne ki jagah | religion | worship</annotation>
		<annotation cp="🛐" type="tts">pooja karne ki jagah</annotation>
		<annotation cp="✡">David | Jew | Jewish | religion | star | star of David</annotation>
		<annotation cp="✡" type="tts">star of David</annotation>
		<annotation cp="☸">Buddhist | dharma | dharma chakra | religion | wheel | wheel of dharma</annotation>
		<annotation cp="☸" type="tts">dharma chakra</annotation>
		<annotation cp="✝">Christian | cross | latin cross | religion</annotation>
		<annotation cp="✝" type="tts">latin cross</annotation>
		<annotation cp="☦">Christian | cross | orthodox cross | religion</annotation>
		<annotation cp="☦" type="tts">orthodox cross</annotation>
		<annotation cp="☪">islam | Muslim | religion | star and crescent | star aur crescent</annotation>
		<annotation cp="☪" type="tts">star aur crescent</annotation>
		<annotation cp="🔯">6 point wala dotted star | fortune | star</annotation>
		<annotation cp="🔯" type="tts">6 point wala dotted star</annotation>
		<annotation cp="⏯">arrow | pause | play | play aur pause button | right | triangle</annotation>
		<annotation cp="⏯" type="tts">play aur pause button</annotation>
		<annotation cp="✖">× | cancel | multiplication | multiply | sign | x</annotation>
		<annotation cp="➖">- | − | math | minus | sign</annotation>
		<annotation cp="⁉">! | !? | ? | exclamation | interrobang | mark | punctuation | question</annotation>
		<annotation cp="⚜">lily flower</annotation>
		<annotation cp="⚜" type="tts">lily flower</annotation>
		<annotation cp="🔰">beginner | beginner ke liye Japanese symbol | chevron | Japanese | leaf</annotation>
		<annotation cp="🔰" type="tts">beginner ke liye Japanese symbol</annotation>
		<annotation cp="⭕">circle | hole wala big red circle | large | o | red</annotation>
		<annotation cp="⭕" type="tts">hole wala big red circle</annotation>
		<annotation cp="✳">* | 8 spoke wala asterisk | asterisk</annotation>
		<annotation cp="✳" type="tts">8 spoke wala asterisk</annotation>
		<annotation cp="✴">* | 8 point wala star | star</annotation>
		<annotation cp="✴" type="tts">8 point wala star</annotation>
		<annotation cp="®">R | registered</annotation>
		<annotation cp="Ⓜ">circle | circle wala M | M</annotation>
		<annotation cp="Ⓜ" type="tts">circle wala M</annotation>
		<annotation cp="🏁">checkered | chequered | chess board wala flag | racing</annotation>
		<annotation cp="🏁" type="tts">chess board wala flag</annotation>
		<annotation cp="🚩">post | triangular flag</annotation>
		<annotation cp="🏳">waving | white flag</annotation>
		<annotation cp="₢">BRB | cruzeiro | currency</annotation>
		<annotation cp="₣">currency | franc | french franc</annotation>
		<annotation cp="₣" type="tts">french franc</annotation>
		<annotation cp="₤">currency | lira</annotation>
		<annotation cp="₰">currency | german penny | pfennig</annotation>
		<annotation cp="₰" type="tts">german penny</annotation>
		<annotation cp="₳">ARA | austral | currency</annotation>
		<annotation cp="₶">currency | livre tournois</annotation>
		<annotation cp="₹">currency | indian rupee | rupee</annotation>
		<annotation cp="₹" type="tts">indian rupee</annotation>
	</annotations>
</ldml>
