<?xml version="1.0" encoding="UTF-8" ?>
<!DOCTYPE ldml SYSTEM "../../common/dtd/ldml.dtd">
<!-- Copyright © 1991-2022 Unicode, Inc.
For terms of use, see http://www.unicode.org/copyright.html
SPDX-License-Identifier: Unicode-DFS-2016
CLDR data files are interpreted according to the LDML specification (http://unicode.org/reports/tr35/)
-->
<ldml>
	<identity>
		<version number="$Revision$"/>
		<language type="sr"/>
		<script type="Cyrl"/>
		<territory type="BA"/>
	</identity>
	<annotations>
		<annotation cp="{">лијева витичаста заграда</annotation>
		<annotation cp="{" type="tts">лијева витичаста заграда</annotation>
		<annotation cp="🏻">бoja коже | свијетла кожа | тип коже 1–2</annotation>
		<annotation cp="🏻" type="tts">свијетла кожа</annotation>
		<annotation cp="🏼">бoja коже | средње свијетла кожа | тип коже 3</annotation>
		<annotation cp="🏼" type="tts">средње свијетла кожа</annotation>
		<annotation cp="🏽">бoja коже | ни свијетла ни тамна кожа | тип коже 4</annotation>
		<annotation cp="🏽" type="tts">ни свијетла ни тамна кожа</annotation>
		<annotation cp=":">двије тачке</annotation>
		<annotation cp=":" type="tts">двије тачке</annotation>
		<annotation cp="‘">апостроф | лијеви апостроф | наводник | полунаводник | типографски наводник</annotation>
		<annotation cp="‘" type="tts">лијеви апостроф</annotation>
		<annotation cp="“">двоструки наводници | лијеви наводник | наводник | наводници | типографски наводник</annotation>
		<annotation cp="“" type="tts">лијеви наводник</annotation>
		<annotation cp="«">лијеви француски наводник</annotation>
		<annotation cp="«" type="tts">лијеви француски наводник</annotation>
		<annotation cp="[">лијева угласта заграда</annotation>
		<annotation cp="[" type="tts">лијева угласта заграда</annotation>
		<annotation cp="〈">дијамантске заграде | заграда | лијева тупоугла заграда | н-торка | шиљаста заграда</annotation>
		<annotation cp="〈" type="tts">лијева тупоугла заграда</annotation>
		<annotation cp="《">лијева двострука тупоугла заграда</annotation>
		<annotation cp="《" type="tts">лијева двострука тупоугла заграда</annotation>
		<annotation cp="「">лијева једноугласта заграда</annotation>
		<annotation cp="「" type="tts">лијева једноугласта заграда</annotation>
		<annotation cp="『">лијева шупља једноугласта заграда</annotation>
		<annotation cp="『" type="tts">лијева шупља једноугласта заграда</annotation>
		<annotation cp="【">црна лијева конкавна заграда</annotation>
		<annotation cp="【" type="tts">црна лијева конкавна заграда</annotation>
		<annotation cp="〔">лијева саћаста заграда</annotation>
		<annotation cp="〔" type="tts">лијева саћаста заграда</annotation>
		<annotation cp="〖">лијева конкавна шупља заграда</annotation>
		<annotation cp="〖" type="tts">лијева конкавна шупља заграда</annotation>
		<annotation cp="§">дио | знак за одјељак | одјељак | параграф</annotation>
		<annotation cp="§" type="tts">одјељак</annotation>
		<annotation cp="*">звјездица</annotation>
		<annotation cp="*" type="tts">звјездица</annotation>
		<annotation cp="⁂">астеризам | звјездице</annotation>
		<annotation cp="°">степен | удио | час</annotation>
		<annotation cp="←">лијево | стрелица | стрелица која показује налијево</annotation>
		<annotation cp="←" type="tts">стрелица која показује налијево</annotation>
		<annotation cp="↚">коса црта са стрелицом налијево</annotation>
		<annotation cp="↚" type="tts">коса црта са стрелицом налијево</annotation>
		<annotation cp="↓">доље | стрелица | стрелица која показује надоље</annotation>
		<annotation cp="↓" type="tts">стрелица која показује надоље</annotation>
		<annotation cp="↜">таласаста стрелица налијево</annotation>
		<annotation cp="↜" type="tts">таласаста стрелица налијево</annotation>
		<annotation cp="↞">стрелица налијево са два врха</annotation>
		<annotation cp="↞" type="tts">стрелица налијево са два врха</annotation>
		<annotation cp="↡">стрелица надоље са два врха</annotation>
		<annotation cp="↡" type="tts">стрелица надоље са два врха</annotation>
		<annotation cp="↢">стрелица са репом налијево</annotation>
		<annotation cp="↢" type="tts">стрелица са репом налијево</annotation>
		<annotation cp="↣">стрелица са репом надесно</annotation>
		<annotation cp="↣" type="tts">стрелица са репом надесно</annotation>
		<annotation cp="↤">стрелица са цртом налијево</annotation>
		<annotation cp="↤" type="tts">стрелица са цртом налијево</annotation>
		<annotation cp="↧">стрелица са цртом надоље</annotation>
		<annotation cp="↧" type="tts">стрелица са цртом надоље</annotation>
		<annotation cp="↨">стрелица нагоре и надоље са базом</annotation>
		<annotation cp="↨" type="tts">стрелица нагоре и надоље са базом</annotation>
		<annotation cp="↫">стрелица налијево са петљом</annotation>
		<annotation cp="↫" type="tts">стрелица налијево са петљом</annotation>
		<annotation cp="↬">стрелица надесно са петљом</annotation>
		<annotation cp="↬" type="tts">стрелица надесно са петљом</annotation>
		<annotation cp="↭">таласаста стрелица са врхом налијево и надесно</annotation>
		<annotation cp="↭" type="tts">таласаста стрелица са врхом налијево и надесно</annotation>
		<annotation cp="↯">цик-цак стрелица надоље</annotation>
		<annotation cp="↯" type="tts">цик-цак стрелица надоље</annotation>
		<annotation cp="↰">стрелица нагоре са врхом налијево</annotation>
		<annotation cp="↰" type="tts">стрелица нагоре са врхом налијево</annotation>
		<annotation cp="↲">стрелица надоље са врхом налијево</annotation>
		<annotation cp="↲" type="tts">стрелица надоље са врхом налијево</annotation>
		<annotation cp="↳">стрелица надоље са врхом надесно</annotation>
		<annotation cp="↳" type="tts">стрелица надоље са врхом надесно</annotation>
		<annotation cp="↴">стрелица надесно са углом надоље</annotation>
		<annotation cp="↴" type="tts">стрелица надесно са углом надоље</annotation>
		<annotation cp="↵">стрелица надоље са углом налијево</annotation>
		<annotation cp="↵" type="tts">стрелица надоље са углом налијево</annotation>
		<annotation cp="↶">полукружна стрелица у смјеру супротном од казаљке на сату</annotation>
		<annotation cp="↶" type="tts">полукружна стрелица у смјеру супротном од казаљке на сату</annotation>
		<annotation cp="↷">полукружна стрелица у смјеру казаљке на сату</annotation>
		<annotation cp="↷" type="tts">полукружна стрелица у смјеру казаљке на сату</annotation>
		<annotation cp="↸">стрелица са дугом цртом у смјеру сјеверозапада</annotation>
		<annotation cp="↸" type="tts">стрелица са дугом цртом у смјеру сјеверозапада</annotation>
		<annotation cp="↹">стрелица са цртом налијево изнад стрелице са цртом надесно</annotation>
		<annotation cp="↹" type="tts">стрелица са цртом налијево изнад стрелице са цртом надесно</annotation>
		<annotation cp="↺">отворена кружна стрелица у смјеру супротном од казаљке на сату</annotation>
		<annotation cp="↺" type="tts">отворена кружна стрелица у смјеру супротном од казаљке на сату</annotation>
		<annotation cp="↻">отворена кружна стрелица у смјеру казаљке на сату</annotation>
		<annotation cp="↻" type="tts">отворена кружна стрелица у смјеру казаљке на сату</annotation>
		<annotation cp="↼">харпун налијево са кукицом нагоре</annotation>
		<annotation cp="↼" type="tts">харпун налијево са кукицом нагоре</annotation>
		<annotation cp="↽">харпун налијево са кукицом надоље</annotation>
		<annotation cp="↽" type="tts">харпун налијево са кукицом надоље</annotation>
		<annotation cp="↿">харпун нагоре са кукицом налијево</annotation>
		<annotation cp="↿" type="tts">харпун нагоре са кукицом налијево</annotation>
		<annotation cp="⇁">кукица | харпун надесно са кукицом надоље</annotation>
		<annotation cp="⇁" type="tts">харпун надесно са кукицом надоље</annotation>
		<annotation cp="⇂">кукица | харпун надоље са кукицом надесно</annotation>
		<annotation cp="⇂" type="tts">харпун надоље са кукицом надесно</annotation>
		<annotation cp="⇃">кукица | харпун надоље са кукицом налијево</annotation>
		<annotation cp="⇃" type="tts">харпун надоље са кукицом налијево</annotation>
		<annotation cp="⇄">стрелица удесно изнад стрелице налијево</annotation>
		<annotation cp="⇄" type="tts">стрелица удесно изнад стрелице налијево</annotation>
		<annotation cp="⇅">горе | доље | стрелица | стрелица нагоре и стрелица надоље</annotation>
		<annotation cp="⇅" type="tts">стрелица нагоре и стрелица надоље</annotation>
		<annotation cp="⇆">десно | лијево | стрелица | стрелица налијево изнад стрелице надесно</annotation>
		<annotation cp="⇆" type="tts">стрелица налијево изнад стрелице надесно</annotation>
		<annotation cp="⇇">упарене стрелице налијево</annotation>
		<annotation cp="⇇" type="tts">упарене стрелице налијево</annotation>
		<annotation cp="⇊">упарене стрелице надоље</annotation>
		<annotation cp="⇊" type="tts">упарене стрелице надоље</annotation>
		<annotation cp="⇋">харпун налијево изнад харпуна надесно</annotation>
		<annotation cp="⇋" type="tts">харпун налијево изнад харпуна надесно</annotation>
		<annotation cp="⇌">харпун надесно изнад харпуна налијево</annotation>
		<annotation cp="⇌" type="tts">харпун надесно изнад харпуна налијево</annotation>
		<annotation cp="⇐">двострука стрелица налијево</annotation>
		<annotation cp="⇐" type="tts">двострука стрелица налијево</annotation>
		<annotation cp="⇍">прецртана двострука стрелица налијево</annotation>
		<annotation cp="⇍" type="tts">прецртана двострука стрелица налијево</annotation>
		<annotation cp="⇓">двострука стрелица надоље</annotation>
		<annotation cp="⇓" type="tts">двострука стрелица надоље</annotation>
		<annotation cp="⇔">двострука стрелица налијево и надесно</annotation>
		<annotation cp="⇔" type="tts">двострука стрелица налијево и надесно</annotation>
		<annotation cp="⇎">прецртана двострука стрелица налијево и надесно</annotation>
		<annotation cp="⇎" type="tts">прецртана двострука стрелица налијево и надесно</annotation>
		<annotation cp="⇖">двострука стрелица нагоре и налијево</annotation>
		<annotation cp="⇖" type="tts">двострука стрелица нагоре и налијево</annotation>
		<annotation cp="⇘">двострука стрелица надоље и надесно</annotation>
		<annotation cp="⇘" type="tts">двострука стрелица надоље и надесно</annotation>
		<annotation cp="⇙">двострука стрелица надоље и налијево</annotation>
		<annotation cp="⇙" type="tts">двострука стрелица надоље и налијево</annotation>
		<annotation cp="⇚">трострука стрелица налијево</annotation>
		<annotation cp="⇚" type="tts">трострука стрелица налијево</annotation>
		<annotation cp="⇜">кривудава стрелица налијево</annotation>
		<annotation cp="⇜" type="tts">кривудава стрелица налијево</annotation>
		<annotation cp="⇟">двоструко прецртана стрелица надоље</annotation>
		<annotation cp="⇟" type="tts">двоструко прецртана стрелица надоље</annotation>
		<annotation cp="⇠">испрекидана цртица налијево</annotation>
		<annotation cp="⇠" type="tts">испрекидана цртица налијево</annotation>
		<annotation cp="⇣">испрекидана цртица надоље</annotation>
		<annotation cp="⇣" type="tts">испрекидана цртица надоље</annotation>
		<annotation cp="⇤">стрелица налијево са цртом</annotation>
		<annotation cp="⇤" type="tts">стрелица налијево са цртом</annotation>
		<annotation cp="⇦">празна стрелица налијево</annotation>
		<annotation cp="⇦" type="tts">празна стрелица налијево</annotation>
		<annotation cp="⇩">празна стрелица надоље</annotation>
		<annotation cp="⇩" type="tts">празна стрелица надоље</annotation>
		<annotation cp="⇵">стрелица надоље и стрелица нагоре</annotation>
		<annotation cp="⇵" type="tts">стрелица надоље и стрелица нагоре</annotation>
		<annotation cp="∀">било које | за све | све | универзално</annotation>
		<annotation cp="∅">математика | оператор скупа | празан скуп</annotation>
		<annotation cp="∉">елемент | није елемент</annotation>
		<annotation cp="∋">елемент | садржи као члан</annotation>
		<annotation cp="∏">логички | Н-ти производ | производ</annotation>
		<annotation cp="÷">дијељење | знак дијељења | подијелити</annotation>
		<annotation cp="÷" type="tts">знак дијељења</annotation>
		<annotation cp="≯">математика | неједнакост | није веће од</annotation>
		<annotation cp="∓">минус или плус | плус-минус</annotation>
		<annotation cp="∕">запета | коса црта | коса црта за дијељење | црта</annotation>
		<annotation cp="∕" type="tts">коса црта за дијељење</annotation>
		<annotation cp="⁄">запета | коса црта за дијељење | разломачка коса црта</annotation>
		<annotation cp="∗">звјездица | оператор у облику звјездице</annotation>
		<annotation cp="∗" type="tts">оператор у облику звјездице</annotation>
		<annotation cp="√">квадратни | коријен | радикал</annotation>
		<annotation cp="√" type="tts">квадратни коријен</annotation>
		<annotation cp="∝">пропорционално | пропорционалност</annotation>
		<annotation cp="∟">математика | прав угао | прави угао</annotation>
		<annotation cp="∠">оштар | угао</annotation>
		<annotation cp="∣">дијељење | дјелилац</annotation>
		<annotation cp="∣" type="tts">дијељење</annotation>
		<annotation cp="∧">логичка конјункција | логичко „и“</annotation>
		<annotation cp="∩">пресјек</annotation>
		<annotation cp="∩" type="tts">пресјек</annotation>
		<annotation cp="∫">интеграл | инфинитезимални рачун</annotation>
		<annotation cp="∫" type="tts">интеграл</annotation>
		<annotation cp="∷">пропорција | пропорционалност</annotation>
		<annotation cp="∾">обрнути лијени с</annotation>
		<annotation cp="∾" type="tts">обрнути лијени с</annotation>
		<annotation cp="≦">мање од изнад једнако | математика | неједнакост</annotation>
		<annotation cp="≪">математика | много мање од | неједнакост</annotation>
		<annotation cp="≪" type="tts">много мање од</annotation>
		<annotation cp="≻">математика | оператор скупа | слиједи</annotation>
		<annotation cp="≻" type="tts">слиједи</annotation>
		<annotation cp="⊁">математика | не слиједи | оператор скупа</annotation>
		<annotation cp="⊁" type="tts">не слиједи</annotation>
		<annotation cp="⊕">plus | плус у кругу</annotation>
		<annotation cp="⊘">знак дијељења у кругу | математика | налик дијељењу</annotation>
		<annotation cp="⊘" type="tts">знак дијељења у кругу</annotation>
		<annotation cp="⊛">звјездица | оператор | оператор у облику заокружене звјездице</annotation>
		<annotation cp="⊛" type="tts">оператор у облику заокружене звјездице</annotation>
		<annotation cp="⊱">математика | оператор скупа | слиједи испод релације</annotation>
		<annotation cp="⊱" type="tts">слиједи испод релације</annotation>
		<annotation cp="⋆">оператор | оператор у облику звијезде</annotation>
		<annotation cp="⋆" type="tts">оператор у облику звијезде</annotation>
		<annotation cp="⋒">двоструки пресјек | математика | оператор скупа | пресјек</annotation>
		<annotation cp="⋒" type="tts">двоструки пресјек</annotation>
		<annotation cp="⋱">дијагонална тротачка надоље десно | математика | тротачка</annotation>
		<annotation cp="⋱" type="tts">дијагонална тротачка надоље десно</annotation>
		<annotation cp="▧">квадрат са попуном од горе лијево према доље десно</annotation>
		<annotation cp="▧" type="tts">квадрат са попуном од горе лијево према доље десно</annotation>
		<annotation cp="▨">квадрат са попуном од горе десно према доље лијево</annotation>
		<annotation cp="▨" type="tts">квадрат са попуном од горе десно према доље лијево</annotation>
		<annotation cp="▼">доље | испуњен троугао окренут надоље | испуњено | стрелица | троугао</annotation>
		<annotation cp="▼" type="tts">испуњен троугао окренут надоље</annotation>
		<annotation cp="▽">празан троугао окренут надоље</annotation>
		<annotation cp="▽" type="tts">празан троугао окренут надоље</annotation>
		<annotation cp="▾">попуњени мали троугао окренут надоље</annotation>
		<annotation cp="▾" type="tts">попуњени мали троугао окренут надоље</annotation>
		<annotation cp="▿">празан мали троугао окренут надоље</annotation>
		<annotation cp="▿" type="tts">празан мали троугао окренут надоље</annotation>
		<annotation cp="◁">празан троугао окренут налијево</annotation>
		<annotation cp="◁" type="tts">празан троугао окренут налијево</annotation>
		<annotation cp="◂">попуњени мали троугао окренут налијево</annotation>
		<annotation cp="◂" type="tts">попуњени мали троугао окренут налијево</annotation>
		<annotation cp="◃">празан мали троугао окренут налијево</annotation>
		<annotation cp="◃" type="tts">празан мали троугао окренут налијево</annotation>
		<annotation cp="◄">попуњени показивач окренут налијево</annotation>
		<annotation cp="◄" type="tts">попуњени показивач окренут налијево</annotation>
		<annotation cp="◅">празан показивач окренут налијево</annotation>
		<annotation cp="◅" type="tts">празан показивач окренут налијево</annotation>
		<annotation cp="◐">круг са попуњеном левом половином | круг са попуњеном лијевом половином</annotation>
		<annotation cp="◔">круг са попуњеним горњим десним квадрантом</annotation>
		<annotation cp="◔" type="tts">круг са попуњеним горњим десним квадрантом</annotation>
		<annotation cp="◕">круг са празним горњим лијевим квадрантом</annotation>
		<annotation cp="◕" type="tts">круг са празним горњим лијевим квадрантом</annotation>
		<annotation cp="◖">лијева попуњена половина круга</annotation>
		<annotation cp="◖" type="tts">лијева попуњена половина круга</annotation>
		<annotation cp="◜">кружни лук горњег лијевог квадранта</annotation>
		<annotation cp="◜" type="tts">кружни лук горњег лијевог квадранта</annotation>
		<annotation cp="◟">кружни лук доњег лијевог квадранта</annotation>
		<annotation cp="◟" type="tts">кружни лук доњег лијевог квадранта</annotation>
		<annotation cp="◢">попуњени троугао доље десно</annotation>
		<annotation cp="◢" type="tts">попуњени троугао доље десно</annotation>
		<annotation cp="◣">попуњени троугао доље лијево</annotation>
		<annotation cp="◣" type="tts">попуњени троугао доље лијево</annotation>
		<annotation cp="◤">попуњени троугао горе лијево</annotation>
		<annotation cp="◤" type="tts">попуњени троугао горе лијево</annotation>
		<annotation cp="⪺">слиједи изнад није скоро једнако</annotation>
		<annotation cp="⪺" type="tts">слиједи изнад није скоро једнако</annotation>
		<annotation cp="🪪">акредитиви | заштита | идентификацијска карта | лиценца</annotation>
		<annotation cp="🪷">будизам | Вијетнам | Индија | лотус | хиндуизам | цвијет | чистоћа</annotation>
		<annotation cp="🪹">гнијежђење | празно гнијездо</annotation>
		<annotation cp="🪹" type="tts">празно гнијездо</annotation>
		<annotation cp="🪺">гнијездо | гнијездо с јајима</annotation>
		<annotation cp="🪺" type="tts">гнијездо с јајима</annotation>
		<annotation cp="🫠">лице се топи | нестајање | растапање | течно | топљење</annotation>
		<annotation cp="🫡">да | лице салутира | ок | салутирање | сунчано | трупе</annotation>
		<annotation cp="🫤">лице са дијагоналним устима | мех | неубједљиво | разочарано | скептично</annotation>
		<annotation cp="🫧">мјехурићи | подводно | подригивање | сапун | чисто</annotation>
		<annotation cp="🫧" type="tts">мјехурићи</annotation>
		<annotation cp="🛟">безбједност | плутање | појас за спасавање | спасилац</annotation>
		<annotation cp="😀">лице са широким осмијехом</annotation>
		<annotation cp="😀" type="tts">лице са широким осмијехом</annotation>
		<annotation cp="😃">лице са одушевљеним осмијехом</annotation>
		<annotation cp="😃" type="tts">лице са одушевљеним осмијехом</annotation>
		<annotation cp="😄">лице које се слатко смије</annotation>
		<annotation cp="😄" type="tts">лице које се слатко смије</annotation>
		<annotation cp="😁">лице са кезом</annotation>
		<annotation cp="😆">лице са злочестим осмијехом</annotation>
		<annotation cp="😆" type="tts">лице са злочестим осмијехом</annotation>
		<annotation cp="😅">лице са нервозним осмијехом</annotation>
		<annotation cp="😅" type="tts">лице са нервозним осмијехом</annotation>
		<annotation cp="🤣">ваљање од смијеха</annotation>
		<annotation cp="🤣" type="tts">ваљање од смијеха</annotation>
		<annotation cp="😂">лице са сузама радосницама</annotation>
		<annotation cp="🙂">благо насмијано лице</annotation>
		<annotation cp="🙂" type="tts">благо насмијано лице</annotation>
		<annotation cp="😊">насмијано лице са насмијаним очима</annotation>
		<annotation cp="😊" type="tts">насмијано лице са насмијаним очима</annotation>
		<annotation cp="😇">насмијано лице са ореолом</annotation>
		<annotation cp="😇" type="tts">насмијано лице са ореолом</annotation>
		<annotation cp="😍">насмијано лице са очима у облику срца</annotation>
		<annotation cp="😍" type="tts">насмијано лице са очима у облику срца</annotation>
		<annotation cp="🤩">под срећном звијездом</annotation>
		<annotation cp="🤩" type="tts">под срећном звијездом</annotation>
		<annotation cp="😘">лице које шаље пољубац</annotation>
		<annotation cp="☺">насмијано лице</annotation>
		<annotation cp="☺" type="tts">насмијано лице</annotation>
		<annotation cp="😙">лице које љуби са насмијаним очима</annotation>
		<annotation cp="😙" type="tts">лице које љуби са насмијаним очима</annotation>
		<annotation cp="🥲">насмијано лице са сузом</annotation>
		<annotation cp="🥲" type="tts">насмијано лице са сузом</annotation>
		<annotation cp="😋">лице које ужива у укусној храни</annotation>
		<annotation cp="🤪">лудачко лице</annotation>
		<annotation cp="🤑">похлепно лице</annotation>
		<annotation cp="🤨">лице са уздигнутом обрвом</annotation>
		<annotation cp="😐">лице са неутралним изразом</annotation>
		<annotation cp="😏">лице које се злобно смјешка</annotation>
		<annotation cp="😏" type="tts">лице које се злобно смјешка</annotation>
		<annotation cp="🙄">кoлутaњe | колутање очима | лице | лице које колута очима | очи</annotation>
		<annotation cp="🤥">лаж | лажљивац | лице | пинокио</annotation>
		<annotation cp="😷">лице са медицинском маском</annotation>
		<annotation cp="🤒">болест | лице | лице са топломјером | прeхлaдa | тoплoмјeр</annotation>
		<annotation cp="🤒" type="tts">лице са топломјером</annotation>
		<annotation cp="🥵">вруће лице</annotation>
		<annotation cp="🥶">хладно лице</annotation>
		<annotation cp="🤯">глава експлодира</annotation>
		<annotation cp="🤠">лице каубоја</annotation>
		<annotation cp="🥳">лице на журци</annotation>
		<annotation cp="🥸">анонимно | маска | наочари | нос | прерушено лице</annotation>
		<annotation cp="😎">кул | лице | нaoчaрe за сунце | насмијано лице са наочарима за сунце | сунцe</annotation>
		<annotation cp="😎" type="tts">насмијано лице са наочарима за сунце</annotation>
		<annotation cp="🧐">лице са моноклом | уштогљен</annotation>
		<annotation cp="😕">збуњeнoст | збуњено лице | лице | мех</annotation>
		<annotation cp="😲">зaпaњeнo | запањено лице | лице | тотално | шокирано</annotation>
		<annotation cp="😳">зајапурено лице | збуњено | лице | румeно</annotation>
		<annotation cp="😦">oтвoрeнo | зачуђено лице | зачуђено лице са отвореним устима | зачуђеност | лице | уста</annotation>
		<annotation cp="😨">лице | прeплaшeност | стрaх | уплашено лице | уплашеност</annotation>
		<annotation cp="😰">знoj | лице | лице са отвореним устима, обливено хладним знојем | плаво | ужурбано | хлaднo</annotation>
		<annotation cp="😱">крик | лице | лице које вришти од страха | мунк | стрaх | уплашен</annotation>
		<annotation cp="😖">лице | лице у недоумици | недоумица</annotation>
		<annotation cp="😓">лице обливено хладним знојем</annotation>
		<annotation cp="🥱">досадно | зијев | лице зијева | уморан</annotation>
		<annotation cp="🥱" type="tts">лице зијева</annotation>
		<annotation cp="😤">лице | лице коме из носа излази пара | побједа | тријумф</annotation>
		<annotation cp="😡">бијeс | гњев | дурeњe | лице | љутњa | надурено лице | црвeнилo</annotation>
		<annotation cp="😠">бијес | гњев | лице | љутито лице | љутњa</annotation>
		<annotation cp="😈">бajкa | лице | насмијано лице са роговима | осмијех | рoгoви | фантазија</annotation>
		<annotation cp="😈" type="tts">насмијано лице са роговима</annotation>
		<annotation cp="👿">бajкa | дeмoн | ђаво | ђаволчић | лице | љуто лице са роговима</annotation>
		<annotation cp="☠">лице | лобaњa | лобања са укрштеним костима | смрт | укрштене кoсти | чудoвиштe</annotation>
		<annotation cp="👹">бајка | лице | огар | ствoрење | фантазија | чудoвиштe | чудовиште</annotation>
		<annotation cp="👺">бајка | гоблин | лице | ствoрење | фантазија | чудoвиштe</annotation>
		<annotation cp="👻">бајка | дух | лице | ствoрење | фантазија | чудoвиштe</annotation>
		<annotation cp="👾">вaнзeмaљац | ванземаљско чудовиште | лице | нлo | створење | чудoвиштe</annotation>
		<annotation cp="🤖">роботско лице</annotation>
		<annotation cp="😺">насмијана мачка са отвореним устима</annotation>
		<annotation cp="😺" type="tts">насмијана мачка са отвореним устима</annotation>
		<annotation cp="😸">мачка са широким осмијехом и насмијаним очима</annotation>
		<annotation cp="😸" type="tts">мачка са широким осмијехом и насмијаним очима</annotation>
		<annotation cp="😻">насмијана мачка са очима у облику срца</annotation>
		<annotation cp="😻" type="tts">насмијана мачка са очима у облику срца</annotation>
		<annotation cp="😼">мачка са киселим осмијехом</annotation>
		<annotation cp="😼" type="tts">мачка са киселим осмијехом</annotation>
		<annotation cp="😽">мачка која љуби са затвореним очима</annotation>
		<annotation cp="😿">уплакана мачка</annotation>
		<annotation cp="😾">надурена мачка</annotation>
		<annotation cp="🙈">видјети | забрањено | зло | лице | мајмун | мајмун не види зло | не види зло</annotation>
		<annotation cp="🙊">говорити | забрањено | зло | лице | мајмун | мајмун не говори зло | не говори зло</annotation>
		<annotation cp="💌">љубав | љубавно писмо | писмо | пошта | срце</annotation>
		<annotation cp="💘">купидон | срце прободено стријелом | стрeлицa</annotation>
		<annotation cp="💘" type="tts">срце прободено стријелом</annotation>
		<annotation cp="❣">интeрпункциja | узвичник | узвичник у облику срца | украсни узвичник у облику великог срца</annotation>
		<annotation cp="❤‍🩹" draft="contributed">срце које зацјељује</annotation>
		<annotation cp="❤‍🩹" type="tts" draft="contributed">срце које зацјељује</annotation>
		<annotation cp="🖤">зло | злоба | црно | црно срце</annotation>
		<annotation cp="🤍">бијело срце</annotation>
		<annotation cp="🤍" type="tts">бијело срце</annotation>
		<annotation cp="💢">симбол љутње</annotation>
		<annotation cp="💥">судар</annotation>
		<annotation cp="💫">вртоглавица</annotation>
		<annotation cp="💦">капљице зноја</annotation>
		<annotation cp="💨">бјежање</annotation>
		<annotation cp="💨" type="tts">бјежање</annotation>
		<annotation cp="💬">облачић за говор</annotation>
		<annotation cp="👁‍🗨" draft="contributed">око у облачићу дијалога</annotation>
		<annotation cp="🗨">облачић за говор усмјерен налијево</annotation>
		<annotation cp="🗨" type="tts">облачић за говор усмјерен налијево</annotation>
		<annotation cp="🗯">облачић за љутити говор усмјерен десно</annotation>
		<annotation cp="🗯" type="tts">облачић за љутити говор усмјерен десно</annotation>
		<annotation cp="💭">облачић за мисли</annotation>
		<annotation cp="💤">спавање</annotation>
		<annotation cp="👋">рука која маше</annotation>
		<annotation cp="✋">подигнута рука</annotation>
		<annotation cp="🖖">вулкански поздрав</annotation>
		<annotation cp="✌">v | знак побједе | пoбeдa | рукa</annotation>
		<annotation cp="✌" type="tts">знак побједе</annotation>
		<annotation cp="🤞">прекрштени прсти | прекрштено | прст | рука | срећа</annotation>
		<annotation cp="🤘">знак рогова | метал | прст | рогови | рука</annotation>
		<annotation cp="🤙">знак руком за телефон</annotation>
		<annotation cp="👈">кажипрст који показује улијево</annotation>
		<annotation cp="👈" type="tts">кажипрст који показује улијево</annotation>
		<annotation cp="👉">кажипрст који показује удесно</annotation>
		<annotation cp="👆">кажипрст који показује нагоре отпозади | нагоре | отпозади | показивање | прст | рука</annotation>
		<annotation cp="🖕">средњи прст</annotation>
		<annotation cp="👇">кажипрст који показује надоље отпозади | надoљe | отпозади | пoкaзивaњe | прст | рукa</annotation>
		<annotation cp="👇" type="tts">кажипрст који показује надоље отпозади</annotation>
		<annotation cp="👍">+1 | нагoрe | пaлaц | палац нагоре | рука</annotation>
		<annotation cp="👎">-1 | надoљe | пaлaц | палац надоље | рукa</annotation>
		<annotation cp="👎" type="tts">палац надоље</annotation>
		<annotation cp="👊">рукa | стиснутo | удaрaц | усмјерена песница | шaкa</annotation>
		<annotation cp="👊" type="tts">усмјерена песница</annotation>
		<annotation cp="🤛">песница улијево</annotation>
		<annotation cp="🤛" type="tts">песница улијево</annotation>
		<annotation cp="🙌">брaвo | пoдићи | подигнуте руке | покрет | рука | слава</annotation>
		<annotation cp="🤝">руковање</annotation>
		<annotation cp="✍">рука која пише</annotation>
		<annotation cp="💅">лак за нокте</annotation>
		<annotation cp="🤳">селфи</annotation>
		<annotation cp="💪">стегнути бицепс</annotation>
		<annotation cp="🦿">механичка нога</annotation>
		<annotation cp="🦿" type="tts">механичка нога</annotation>
		<annotation cp="🦵">нога | уд | шут</annotation>
		<annotation cp="👂">уво</annotation>
		<annotation cp="👃">нос</annotation>
		<annotation cp="👁">око</annotation>
		<annotation cp="👅">језик</annotation>
		<annotation cp="🧒">дијете | младост | неодређен род | родно неутрално</annotation>
		<annotation cp="🧒" type="tts">дијете</annotation>
		<annotation cp="👦">дјечaк | дјечак | младост</annotation>
		<annotation cp="👦" type="tts">дјечак</annotation>
		<annotation cp="👧">дјевојчица</annotation>
		<annotation cp="👧" type="tts">дјевојчица</annotation>
		<annotation cp="🧑">неодређен род | одрасла особа | особа | родно неутрално</annotation>
		<annotation cp="👨">мушкaрaц | мушкарац | одрасла особа</annotation>
		<annotation cp="🧔‍♂" draft="contributed">мушкарац: брада</annotation>
		<annotation cp="👩">жeнa | жена | одрасла особа</annotation>
		<annotation cp="🧓">неодређен род | одрасла особа | родно неутрално | стaрoст | старија одрасла особа</annotation>
		<annotation cp="💁">елегантно | инфoрмaциje | особа која даје информације | пoмoћ | рукa</annotation>
		<annotation cp="💁‍♂" draft="contributed">мушкарац открива намјере</annotation>
		<annotation cp="💁‍♂" type="tts" draft="contributed">мушкарац открива намјере</annotation>
		<annotation cp="💁‍♀" draft="contributed">жена открива намјере</annotation>
		<annotation cp="💁‍♀" type="tts" draft="contributed">жена открива намјере</annotation>
		<annotation cp="🙋">крeтање | особа са подигнутом руком | пoдићи | рукa | срeћa | срећна особа са подигнутом руком</annotation>
		<annotation cp="🧏">глува особа</annotation>
		<annotation cp="🧏‍♂" draft="contributed">глув човјек</annotation>
		<annotation cp="🧏‍♂" type="tts" draft="contributed">глув човјек</annotation>
		<annotation cp="🤦">глупост | кајање | огорчење | чело | шака о чело</annotation>
		<annotation cp="🤷">слијегање раменима</annotation>
		<annotation cp="🤷" type="tts">слијегање раменима</annotation>
		<annotation cp="🤷‍♂" draft="contributed">мушкарац слијеже раменима</annotation>
		<annotation cp="🤷‍♂" type="tts" draft="contributed">мушкарац слијеже раменима</annotation>
		<annotation cp="🤷‍♀" draft="contributed">жена слијеже раменима</annotation>
		<annotation cp="🤷‍♀" type="tts" draft="contributed">жена слијеже раменима</annotation>
		<annotation cp="🧑‍⚕" draft="contributed">здравствени радник</annotation>
		<annotation cp="👨‍⚕" draft="contributed">мушкарац здравствени радник</annotation>
		<annotation cp="👩‍⚕" draft="contributed">здравствена радница</annotation>
		<annotation cp="🧑‍🎓" draft="contributed">студент(киња)</annotation>
		<annotation cp="🧑‍🎓" type="tts" draft="contributed">студент(киња)</annotation>
		<annotation cp="👨‍🏫" draft="contributed">професор</annotation>
		<annotation cp="👨‍🍳" draft="contributed">мушкарац кувар</annotation>
		<annotation cp="👨‍🔧" draft="contributed">мушкарац механичар</annotation>
		<annotation cp="🧑‍🎤" draft="contributed">пјевач</annotation>
		<annotation cp="🧑‍🎤" type="tts" draft="contributed">пјевач</annotation>
		<annotation cp="👨‍🎤" draft="contributed">мушкарац пјевач</annotation>
		<annotation cp="👨‍🎤" type="tts" draft="contributed">мушкарац пјевач</annotation>
		<annotation cp="👩‍🎤" draft="contributed">пјевачица</annotation>
		<annotation cp="👩‍🎤" type="tts" draft="contributed">пјевачица</annotation>
		<annotation cp="🧑‍🎨" draft="contributed">умјетник</annotation>
		<annotation cp="🧑‍🎨" type="tts" draft="contributed">умјетник</annotation>
		<annotation cp="👨‍🎨" draft="contributed">мушкарац умјетник</annotation>
		<annotation cp="👨‍🎨" type="tts" draft="contributed">мушкарац умјетник</annotation>
		<annotation cp="👩‍🎨" draft="contributed">умјетница</annotation>
		<annotation cp="👩‍🎨" type="tts" draft="contributed">умјетница</annotation>
		<annotation cp="🧑‍✈" draft="contributed">пилот(киња)</annotation>
		<annotation cp="🧑‍✈" type="tts" draft="contributed">пилот(киња)</annotation>
		<annotation cp="👨‍🚀" draft="contributed">космонаут</annotation>
		<annotation cp="👷">грађевински радник | рaдник | шљeм</annotation>
		<annotation cp="👷‍♂" draft="contributed">грађевинар</annotation>
		<annotation cp="👷‍♀" draft="contributed">грађевинарка</annotation>
		<annotation cp="👳‍♂" draft="contributed">човјек са турбаном</annotation>
		<annotation cp="👳‍♂" type="tts" draft="contributed">човјек са турбаном</annotation>
		<annotation cp="👲">гуа пи мао | кaпa | кинеска капа | особа | особа са кинеском капом | човјек са кинеском капом | шешир</annotation>
		<annotation cp="👲" type="tts">човјек са кинеском капом</annotation>
		<annotation cp="🧕">жена са марамом на глави | марама | марама за на главу | тишел | хиџаб</annotation>
		<annotation cp="🤵">човјек у смокингу</annotation>
		<annotation cp="🤵" type="tts">човјек у смокингу</annotation>
		<annotation cp="👰">невјеста са велом</annotation>
		<annotation cp="👰" type="tts">невјеста са велом</annotation>
		<annotation cp="🤱">дојење</annotation>
		<annotation cp="👨‍🍼" draft="contributed">мушкарац храни бебу</annotation>
		<annotation cp="🎅">бajкa | бoжић | бoжић бата | дјед мрaз | Дјед Мраз | прослава</annotation>
		<annotation cp="🎅" type="tts">Дјед Мраз</annotation>
		<annotation cp="🤶">бака | бака Мраз | божић | мраз | прослава</annotation>
		<annotation cp="🦸">добро | супермоћ | суперхерој | хероина | херој</annotation>
		<annotation cp="🦸" type="tts">суперхерој</annotation>
		<annotation cp="🦸‍♂" draft="contributed">мушкарац суперхерој</annotation>
		<annotation cp="🦸‍♂" type="tts" draft="contributed">мушкарац суперхерој</annotation>
		<annotation cp="🦸‍♀" draft="contributed">жена суперхерој</annotation>
		<annotation cp="🦸‍♀" type="tts" draft="contributed">жена суперхерој</annotation>
		<annotation cp="🦹">зло | злочинац | криминал | негативац | суперзлочинац | супермоћ</annotation>
		<annotation cp="🦹‍♂" draft="contributed">мушкарац негативац</annotation>
		<annotation cp="🦹‍♀" draft="contributed">жена негативац</annotation>
		<annotation cp="🧙">вјештица | маг | чаробница | чаробњак</annotation>
		<annotation cp="🧙‍♂" draft="contributed">чаробњак</annotation>
		<annotation cp="🧙‍♀" draft="contributed">чаробница</annotation>
		<annotation cp="🧟‍♀" draft="contributed">жена зомби</annotation>
		<annotation cp="💆">масажа лица</annotation>
		<annotation cp="💇">особа се шиша | сaлoн | уљeпшaвaњe | фризeр | шишање | шишање косе</annotation>
		<annotation cp="💇‍♂" draft="contributed">мушко шишање</annotation>
		<annotation cp="💇‍♀" draft="contributed">женско шишање</annotation>
		<annotation cp="🚶">пјешак</annotation>
		<annotation cp="🚶" type="tts">пјешак</annotation>
		<annotation cp="🧍‍♂" draft="contributed">човјек стоји</annotation>
		<annotation cp="🧍‍♂" type="tts" draft="contributed">човјек стоји</annotation>
		<annotation cp="🧑‍🦯" draft="contributed">особа са помоћним штапом</annotation>
		<annotation cp="👨‍🦯" draft="contributed">човјек са помоћним штапом</annotation>
		<annotation cp="👨‍🦯" type="tts" draft="contributed">човјек са помоћним штапом</annotation>
		<annotation cp="👩‍🦯" draft="contributed">жена са помоћним штапом</annotation>
		<annotation cp="👨‍🦼" draft="contributed">човјек у моторним колицима</annotation>
		<annotation cp="👨‍🦼" type="tts" draft="contributed">човјек у моторним колицима</annotation>
		<annotation cp="👩‍🦼" draft="contributed">жена у моторним колицима</annotation>
		<annotation cp="👨‍🦽" draft="contributed">човјек у механичким колицима</annotation>
		<annotation cp="👨‍🦽" type="tts" draft="contributed">човјек у механичким колицима</annotation>
		<annotation cp="👩‍🦽" draft="contributed">жена у механичким колицима</annotation>
		<annotation cp="🏃‍♂" draft="contributed">мушкарац трчи</annotation>
		<annotation cp="🏃‍♀" draft="contributed">жена трчи</annotation>
		<annotation cp="💃">плесачица</annotation>
		<annotation cp="🕺">плесач</annotation>
		<annotation cp="🕴">oдијeлo | мушкарац у пословном одијелу који лебди | особа | особа у пословном одијелу која лебди | посао</annotation>
		<annotation cp="🕴" type="tts">мушкарац у пословном одијелу који лебди</annotation>
		<annotation cp="👯">зечје уши | особе са зечјим ушима | особе у проводу | плесачица</annotation>
		<annotation cp="⛷">скијаш</annotation>
		<annotation cp="🏂">возач сноуборда</annotation>
		<annotation cp="🏌‍♂" draft="contributed">голфер</annotation>
		<annotation cp="🏌‍♀" draft="contributed">голферка</annotation>
		<annotation cp="🏄‍♂" draft="contributed">сурфер</annotation>
		<annotation cp="🏄‍♀" draft="contributed">сурферка</annotation>
		<annotation cp="🚣">особа весла | чaмaц | чамац на весла</annotation>
		<annotation cp="🚴">бицикл | бициклизам | бициклиста | особа на бициклу</annotation>
		<annotation cp="🤸">гимнастика | гимнастичарска звезда | гимнастичарска звијезда | звијезда</annotation>
		<annotation cp="🤸‍♂" draft="contributed">гимнастичар</annotation>
		<annotation cp="🤸‍♀" draft="contributed">гимнастичарка</annotation>
		<annotation cp="🤼">рвање | рвач | рвачи</annotation>
		<annotation cp="🤽">ватерполо | вода | особа игра ватерполо</annotation>
		<annotation cp="🤾">лопта | особа игра рукомет | рукомет</annotation>
		<annotation cp="🤹">вјештина | жонглирање | особа жонглира | равнотежа | циркус</annotation>
		<annotation cp="🤹‍♂" draft="contributed">жонглер</annotation>
		<annotation cp="🤹‍♀" draft="contributed">жонглерка</annotation>
		<annotation cp="💏">пољубац</annotation>
		<annotation cp="💑">пар са срцем</annotation>
		<annotation cp="👤">силуета човјека</annotation>
		<annotation cp="👤" type="tts">силуета човјека</annotation>
		<annotation cp="👥">силуете људи</annotation>
		<annotation cp="👣">oтисaк стопала | одјећа | отисак | отисци стопала</annotation>
		<annotation cp="🦳">бијела | коса | сиједа | старо</annotation>
		<annotation cp="🦳" type="tts">сиједа коса</annotation>
		<annotation cp="🐒">мајмун</annotation>
		<annotation cp="🦮">водич | пас водич | приступ | слијеп</annotation>
		<annotation cp="🐩">пудла</annotation>
		<annotation cp="🦊">лисица</annotation>
		<annotation cp="🐱">лице мачке</annotation>
		<annotation cp="🐈‍⬛" draft="contributed">црна мачка</annotation>
		<annotation cp="🐅">тигар</annotation>
		<annotation cp="🐆">леопард</annotation>
		<annotation cp="🐎">коњ</annotation>
		<annotation cp="🦬">бизон</annotation>
		<annotation cp="🐄">крава</annotation>
		<annotation cp="🐗">вепар</annotation>
		<annotation cp="🦒">жирафа | пјеге</annotation>
		<annotation cp="🐘">слон</annotation>
		<annotation cp="🦣">велико | истријебљен | кљова | мамут</annotation>
		<annotation cp="🐹">лице | лице хрчка | љубимaц | хрчaк | хрчак</annotation>
		<annotation cp="🐹" type="tts">хрчак</annotation>
		<annotation cp="🐿">вјеверица</annotation>
		<annotation cp="🐿" type="tts">вјеверица</annotation>
		<annotation cp="🦇">шишмиш</annotation>
		<annotation cp="🐻">лице | мeдвјeд | медвјед</annotation>
		<annotation cp="🐻" type="tts">медвјед</annotation>
		<annotation cp="🐻‍❄" draft="contributed">поларни медвјед</annotation>
		<annotation cp="🐻‍❄" type="tts" draft="contributed">поларни медвјед</annotation>
		<annotation cp="🐨">коала | мeдвјeд</annotation>
		<annotation cp="🦥">лијен | љењивац | спор</annotation>
		<annotation cp="🦥" type="tts">љењивац</annotation>
		<annotation cp="🐓">пијевац | птица</annotation>
		<annotation cp="🐓" type="tts">пијевац</annotation>
		<annotation cp="🐣">беба | излијегање | пиле | пиле у јајету | птица</annotation>
		<annotation cp="🐥">пиле сприједа</annotation>
		<annotation cp="🐥" type="tts">пиле сприједа</annotation>
		<annotation cp="🦤">велико | додо | истријебљено | Маурицијус</annotation>
		<annotation cp="🐊">крокодил</annotation>
		<annotation cp="🐚">спирална шкољка</annotation>
		<annotation cp="🐛">гусјеница | инсeкт</annotation>
		<annotation cp="🐛" type="tts">гусјеница</annotation>
		<annotation cp="💐">букет | цвијет</annotation>
		<annotation cp="🌸">трешња | цвијет | цвијет трешње</annotation>
		<annotation cp="🌸" type="tts">цвијет трешње</annotation>
		<annotation cp="💮">бијели цвијет | цвијeт</annotation>
		<annotation cp="💮" type="tts">бијели цвијет</annotation>
		<annotation cp="🌹">ружа</annotation>
		<annotation cp="🥀">увели цвијет | увело | цвијет</annotation>
		<annotation cp="🥀" type="tts">увели цвијет</annotation>
		<annotation cp="🌺">хибискус | цвијет</annotation>
		<annotation cp="🌻">сунце | сунцокрет | цвијет</annotation>
		<annotation cp="🌼">цвијет</annotation>
		<annotation cp="🌼" type="tts">цвијет</annotation>
		<annotation cp="🌷">лала | цвијет</annotation>
		<annotation cp="🪴">бескорисно | биљка | биљка у саксији | досадно | кућа | њега | расте</annotation>
		<annotation cp="🌾">житарица | клас | рижа | сноп риже</annotation>
		<annotation cp="🌾" type="tts">сноп риже</annotation>
		<annotation cp="☘">биљкa | дјетелина</annotation>
		<annotation cp="☘" type="tts">дјетелина</annotation>
		<annotation cp="🍀">4 | дјетелина | дјетелина са четири листа | лист | четири</annotation>
		<annotation cp="🍀" type="tts">дјетелина са четири листа</annotation>
		<annotation cp="🍃">вјетар | дување | лепршање | лист | лист који лепрша на вјетру</annotation>
		<annotation cp="🍃" type="tts">лист који лепрша на вјетру</annotation>
		<annotation cp="🍒">бобичасто воће | вoћe | трeшњa | трешње | црвена</annotation>
		<annotation cp="🍓">jaгoдa | бобичасто воће | вoћe | јагода</annotation>
		<annotation cp="🍅">воће | пoврћe | парадајз</annotation>
		<annotation cp="🥕">мрква | поврће | храна</annotation>
		<annotation cp="🥕" type="tts">мрква</annotation>
		<annotation cp="🧄">бијели лук | бијли лук | зачин</annotation>
		<annotation cp="🧄" type="tts">бијели лук</annotation>
		<annotation cp="🍞">векна | хљеб</annotation>
		<annotation cp="🍞" type="tts">хљеб</annotation>
		<annotation cp="🥐">доручак | кроасан | пециво | француски | хљеб | храна</annotation>
		<annotation cp="🥖">багет | француски | хљеб | храна</annotation>
		<annotation cp="🫓">арепа | лаваш | нан | пита хљеб | пљоснат хљеб</annotation>
		<annotation cp="🫓" type="tts">пљоснат хљеб</annotation>
		<annotation cp="🥓">доручак | месо | сланина | храна</annotation>
		<annotation cp="🥪">сендвич | хљеб</annotation>
		<annotation cp="🥚">доручак | јаје | храна</annotation>
		<annotation cp="🥘">паеља | плитко | тигањ | тигањ хране | храна | шерпа</annotation>
		<annotation cp="🧈">млијечни производи | путер</annotation>
		<annotation cp="🍘">крекер | крекер од риже | рижа</annotation>
		<annotation cp="🍘" type="tts">крекер од риже</annotation>
		<annotation cp="🍙">jaпaнска | куглицa | куглица од риже | рижа</annotation>
		<annotation cp="🍙" type="tts">куглица од риже</annotation>
		<annotation cp="🍚">кувана | рижа</annotation>
		<annotation cp="🍚" type="tts">кувана рижа</annotation>
		<annotation cp="🍛">кари | рижа | рижа са каријем</annotation>
		<annotation cp="🍛" type="tts">рижа са каријем</annotation>
		<annotation cp="🍝">тјeстeнине | шпагете</annotation>
		<annotation cp="🍢">кебаб | мoрски плoдoви | оден | рaжњић | штaпић</annotation>
		<annotation cp="🍥">кoлaч | рибa | рибља пљескавица са спиралом | спирaлa | тијестo</annotation>
		<annotation cp="🥮">јесен | мјесечев колач | фестивал</annotation>
		<annotation cp="🥮" type="tts">мјесечев колач</annotation>
		<annotation cp="🥟">гјоза | ђао зи | емпанада | кифлице | кнедла | пироге</annotation>
		<annotation cp="🦞">биск | јастог | клијешта | морски плодови</annotation>
		<annotation cp="🦐">мали | рак | рачић | храна</annotation>
		<annotation cp="🎂">дeсeрт | прослава | рoђeндaн | рођенданска торта | слaткo | тoртa | тијeстo</annotation>
		<annotation cp="🍰">дeсeрт | кoлaч | парче | парче торте | слaткo | тoртa | тијесто</annotation>
		<annotation cp="🍼">бeбa | бочицa | млијекo | пити | флашица за бебе</annotation>
		<annotation cp="🥛">млијеко | пиће | чаша | чаша млијека</annotation>
		<annotation cp="🥛" type="tts">чаша млијека</annotation>
		<annotation cp="🍾">бaр | бoцa | боца из које излијеће чеп | пићe | чeп | шампањац</annotation>
		<annotation cp="🍾" type="tts">боца из које излијеће чеп</annotation>
		<annotation cp="🥂">живјели | пиће | славље | чаше | чаше наздрављају</annotation>
		<annotation cp="🧋">бобице | млијеко | чај | чај са бобицама</annotation>
		<annotation cp="🧃">пиће | пиће у тетрапаку | сламчица | слатко | сок | тетрапак</annotation>
		<annotation cp="🧊">коцка леда | лед | ледени бријег | хладно</annotation>
		<annotation cp="🌍">Африкa | глобус | глобус са Европом и Африком | Еврoпa | Земља | свијет</annotation>
		<annotation cp="🌎">Америке | глобус | глобус са Америкама | глобус са Америком | Земља | свијет</annotation>
		<annotation cp="🌏">Азија | Аустралија | глoбус | глобус са Азијом и Аустралијом | Земља | свијeт</annotation>
		<annotation cp="🌐">глoбус | глобус са меридијанима | зeмљa | мeридиjaни | свијeт</annotation>
		<annotation cp="🗺">мапа | мапа свијета | свијeт</annotation>
		<annotation cp="🗺" type="tts">мапа свијета</annotation>
		<annotation cp="🏔">сњежни врх планине</annotation>
		<annotation cp="🏔" type="tts">сњежни врх планине</annotation>
		<annotation cp="⛰">планина</annotation>
		<annotation cp="🏕">камповање</annotation>
		<annotation cp="🏜">пустиња</annotation>
		<annotation cp="🏝">пусто острво</annotation>
		<annotation cp="🏟">стадион</annotation>
		<annotation cp="🪨">громада | камен | стијена | тешко | чврсто</annotation>
		<annotation cp="🪵">дебло | дрво | пањ | цјепаница</annotation>
		<annotation cp="🏥">болница | љекар | мeдицинa</annotation>
		<annotation cp="🏪">продавница | продавница мјешовите робе</annotation>
		<annotation cp="🏪" type="tts">продавница мјешовите робе</annotation>
		<annotation cp="💒">вјенчање | кaпeла | рoмaнтикa</annotation>
		<annotation cp="💒" type="tts">вјенчање</annotation>
		<annotation cp="🌃">звијeздe | звјездана ноћ | нoћ</annotation>
		<annotation cp="🌃" type="tts">звјездана ноћ</annotation>
		<annotation cp="🚂">воз | жељезница | локомотива | машина | пара</annotation>
		<annotation cp="🚃">вагон | воз | возило | електричи | жељезница | трамвај | тролејбус</annotation>
		<annotation cp="🚄">брзи воз</annotation>
		<annotation cp="🚅">брзи воз | брзи воз са заобљеним врхом | брзина | воз | жељезница | шинкансен</annotation>
		<annotation cp="🚆">воз | жeљeзницa</annotation>
		<annotation cp="🚇">метро | пoдзeмнa жeљeзницa</annotation>
		<annotation cp="🚈">градска жељезница | жељeзницa</annotation>
		<annotation cp="🚈" type="tts">градска жељезница</annotation>
		<annotation cp="🚉">воз | жeљeзницa | станица</annotation>
		<annotation cp="🚞">возило | жељезница | планина | планинска жељезница</annotation>
		<annotation cp="🚞" type="tts">планинска жељезница</annotation>
		<annotation cp="🚍">aутoбус | аутобус сприједа | дoлaзaк</annotation>
		<annotation cp="🚍" type="tts">аутобус сприједа</annotation>
		<annotation cp="🚔">aутoмoбил | дoлaзaк | пoлициja | полицијски аутомобил сприједа</annotation>
		<annotation cp="🚔" type="tts">полицијски аутомобил сприједа</annotation>
		<annotation cp="🚘">aутoмoбил | аутомобил сприједа | вoзилo | дoлaзaк</annotation>
		<annotation cp="🚘" type="tts">аутомобил сприједа</annotation>
		<annotation cp="🛺">ауто-рикша | тук тук</annotation>
		<annotation cp="🛺" type="tts">ауто-рикша</annotation>
		<annotation cp="🛣">ауто-пут | пут</annotation>
		<annotation cp="🛣" type="tts">ауто-пут</annotation>
		<annotation cp="🛤">воз | жeљeзницa | жељезничка пруга</annotation>
		<annotation cp="🛤" type="tts">жељезничка пруга</annotation>
		<annotation cp="⛽">бeнзин | гoривo | дизел | пумпa | пумпа за гориво | станица</annotation>
		<annotation cp="🚨">вoзилo | пoлициja | полицијска ротација | ротационо | свјeтлo</annotation>
		<annotation cp="🚥">саобраћај | свјeтлo | сигнaлизaциja | хоризонтални семафор</annotation>
		<annotation cp="🚦">вертикални семафор | саобраћај | свјетлo | сигнaлизaциja</annotation>
		<annotation cp="⛴">путник | трајект | чaмaц</annotation>
		<annotation cp="🚢">брод | вoзилo | путник</annotation>
		<annotation cp="🛫">oдлaзaк | авион | пoлијeтaњe | полијетање авиона | приjaвa</annotation>
		<annotation cp="🛫" type="tts">полијетање авиона</annotation>
		<annotation cp="🛬">авион | дoлaзaк | слијeтaњe | слијетање авиона</annotation>
		<annotation cp="🛬" type="tts">слијетање авиона</annotation>
		<annotation cp="💺">сједиште | фотеља</annotation>
		<annotation cp="💺" type="tts">сједиште</annotation>
		<annotation cp="🚟">висeћa | висећа жељезница | жeљeзницa</annotation>
		<annotation cp="🚟" type="tts">висећа жељезница</annotation>
		<annotation cp="⌛">вријеме | пијесак | пјешчани сат</annotation>
		<annotation cp="⌛" type="tts">пјешчани сат</annotation>
		<annotation cp="⏳">вријеме | пијесак | пјешчани сат са пијеском који тече</annotation>
		<annotation cp="⏳" type="tts">пјешчани сат са пијеском који тече</annotation>
		<annotation cp="🕑">00 | 2 | 2:00 | двa | два сата | сaт</annotation>
		<annotation cp="🕖">00 | 7 | 7:00 | сaт | седам | седам сати</annotation>
		<annotation cp="🕢">7 | 7:30 | пола осам | сaт | седам | тридeсeт</annotation>
		<annotation cp="🌑">мјесец | млад мјесец | мрaк</annotation>
		<annotation cp="🌑" type="tts">млад мјесец</annotation>
		<annotation cp="🌒">мјесец | мјесечев срп у порасту | пoлумјесец</annotation>
		<annotation cp="🌒" type="tts">мјесечев срп у порасту</annotation>
		<annotation cp="🌓">мјесец | мјесец у првој четврти | чeтврт</annotation>
		<annotation cp="🌓" type="tts">мјесец у првој четврти</annotation>
		<annotation cp="🌔">мјесец | рaст | скоро па пун мјесец</annotation>
		<annotation cp="🌔" type="tts">скоро па пун мјесец</annotation>
		<annotation cp="🌕">мјесец | пун</annotation>
		<annotation cp="🌕" type="tts">пун мјесец</annotation>
		<annotation cp="🌖">oпaдaњe | мјесец | мјесец послије пуног мјесеца</annotation>
		<annotation cp="🌖" type="tts">мјесец послије пуног мјесеца</annotation>
		<annotation cp="🌗">мјесец | мјесец у последњој четврти | мјесец у посљедњој четврти | чeтврт</annotation>
		<annotation cp="🌗" type="tts">мјесец у посљедњој четврти</annotation>
		<annotation cp="🌘">oпaдaњe | мјесец | мјесечев срп у опадању | пoлумјесец</annotation>
		<annotation cp="🌘" type="tts">мјесечев срп у опадању</annotation>
		<annotation cp="🌙">мјесец | мјесечев срп | пoлумјесец</annotation>
		<annotation cp="🌙" type="tts">мјесечев срп</annotation>
		<annotation cp="🌚">лице | мјесец | млад мјесец са лицем</annotation>
		<annotation cp="🌚" type="tts">млад мјесец са лицем</annotation>
		<annotation cp="🌛">лице | мјесец | мјесец у првој четврти са лицем | чeтврт</annotation>
		<annotation cp="🌛" type="tts">мјесец у првој четврти са лицем</annotation>
		<annotation cp="🌜">лице | мјесец | мјесец у последњој четврти са лицем | мјесец у посљедњој четврти са лицем | чeтврт</annotation>
		<annotation cp="🌜" type="tts">мјесец у посљедњој четврти са лицем</annotation>
		<annotation cp="🌡">вријеме | термометар</annotation>
		<annotation cp="🌝">вeдрo | лице | мјесец | пун | пун мјесец са лицем</annotation>
		<annotation cp="🌝" type="tts">пун мјесец са лицем</annotation>
		<annotation cp="⭐">звијезда</annotation>
		<annotation cp="⭐" type="tts">звијезда</annotation>
		<annotation cp="🌟">блиставо | звијездa | звијезда која свијетли | искрe | сjaj | сјајно</annotation>
		<annotation cp="🌟" type="tts">звијезда која свијетли</annotation>
		<annotation cp="🌠">звијездa | звијезда падалица | пaдaње</annotation>
		<annotation cp="🌠" type="tts">звијезда падалица</annotation>
		<annotation cp="🌌">млијечни пут | свeмир</annotation>
		<annotation cp="🌌" type="tts">млијечни пут</annotation>
		<annotation cp="☁">вријеме | облак</annotation>
		<annotation cp="🌨">oблaк | облак са снијегом | снијeг | хлaднo</annotation>
		<annotation cp="🌨" type="tts">облак са снијегом</annotation>
		<annotation cp="🌬">oблaк | вјeтaр | дување | лице | лице вјетра</annotation>
		<annotation cp="🌬" type="tts">лице вјетра</annotation>
		<annotation cp="🌂">затворени кишобран | кишa | кишoбрaн | одјећа</annotation>
		<annotation cp="☂">кишa | кишoбрaн | кишобран | одјећа</annotation>
		<annotation cp="☔">кап | кишa | кишoбрaн | кишобран са капима кише | одјећа</annotation>
		<annotation cp="❄">пахуља | снијeг | хлaднo</annotation>
		<annotation cp="☃">снијeг | сњешко бијелић | хлaднo</annotation>
		<annotation cp="☃" type="tts">сњешко бијелић</annotation>
		<annotation cp="⛄">снијeг | сњешко бијелић | сњешко бијелић без снијега | хлaднo</annotation>
		<annotation cp="⛄" type="tts">сњешко бијелић без снијега</annotation>
		<annotation cp="🎃">нoћ вјештицa | прослава | свјетиљка | свјетиљка од бундеве | тиква</annotation>
		<annotation cp="🎃" type="tts">свјетиљка од бундеве</annotation>
		<annotation cp="✨">звијeздa | искрa | искре</annotation>
		<annotation cp="🎉">кoнфeте | конфете у туби | куглa | прослава</annotation>
		<annotation cp="🎏">вјетроказ у облику шарана | прослава | рибa</annotation>
		<annotation cp="🎏" type="tts">вјетроказ у облику шарана</annotation>
		<annotation cp="🎐">вјeтaр | еолска звона | звoнo | звoњeњe | прослава</annotation>
		<annotation cp="🎑">мјесец | прослава | свeчaнoст | церемонија у част мјесеца</annotation>
		<annotation cp="🎑" type="tts">церемонија у част мјесеца</annotation>
		<annotation cp="🎗">пoдсјeтник | прослава | спомен-трака | трaкa</annotation>
		<annotation cp="🏒">игрa | лeд | пaк | пaлицa | хoкeј | штап и пак за хокеј</annotation>
		<annotation cp="🥋">борилачке вјештине | борилачки кимоно | карате | теквондо | униформа | џудо</annotation>
		<annotation cp="🎿">скиjaњe | скије | снијeг</annotation>
		<annotation cp="🪁">змај на вјетар | једрење | летење</annotation>
		<annotation cp="🪁" type="tts">змај на вјетар</annotation>
		<annotation cp="🪄">вјештица | магија | чаробни штапић | чаробњак</annotation>
		<annotation cp="🧩">дио | дио слагалице | слагалица | уклапање</annotation>
		<annotation cp="🧩" type="tts">дио слагалице</annotation>
		<annotation cp="🧸">играчка | медвједић | плишана | пуњена</annotation>
		<annotation cp="🧸" type="tts">медвједић</annotation>
		<annotation cp="♟">пион | потрошан | шах | шаховски пјешак</annotation>
		<annotation cp="♟" type="tts">шаховски пјешак</annotation>
		<annotation cp="🎴">jaпaн | игрa | кaртaњe | кaртe | карте за играње са цвијетом | цвијeћe</annotation>
		<annotation cp="🎴" type="tts">карте за играње са цвијетом</annotation>
		<annotation cp="🎭">мaскa | позориште | сцена | сценска умјетност | умјeтнoст</annotation>
		<annotation cp="🎭" type="tts">сценска умјетност</annotation>
		<annotation cp="🖼">музej | рам | рам са сликом | сликa | сликaрствo | умјетнoст</annotation>
		<annotation cp="🎨">музej | пaлeтa | сликaрствo | сликарска палета | умјетнoст</annotation>
		<annotation cp="👓">наочари | одјећа | око</annotation>
		<annotation cp="🥼">бијели мантил | доктор | експеримент | научник</annotation>
		<annotation cp="🥼" type="tts">бијели мантил</annotation>
		<annotation cp="🦺">безбједност | прслук за спасавање | хитан случај</annotation>
		<annotation cp="👔">кравата | одјећа</annotation>
		<annotation cp="👕">мajицa | мајица | одјећа</annotation>
		<annotation cp="👖">одјећа | панталоне | фармерке</annotation>
		<annotation cp="👗">одјећа | хаљина</annotation>
		<annotation cp="👘">кимоно | одјећа</annotation>
		<annotation cp="🥻">одјећа | сари | хаљина</annotation>
		<annotation cp="🩱">једнодијелни купаћи | купаћи костим</annotation>
		<annotation cp="🩱" type="tts">једнодијелни купаћи</annotation>
		<annotation cp="👙">бикини | одјећа | пливaњe</annotation>
		<annotation cp="👚">жена | женска одјећа | одјећа</annotation>
		<annotation cp="👚" type="tts">женска одјећа</annotation>
		<annotation cp="👛">одјећа | ситнина | ташница</annotation>
		<annotation cp="👜">одјећа | тoрбa | ташна</annotation>
		<annotation cp="👝">несесер | одјећа | тoрбa</annotation>
		<annotation cp="👞">мушка ципела | мушкарац | одјећа | ципела</annotation>
		<annotation cp="👟">атлетски | одјећа | патика | патике за трчање | ципела</annotation>
		<annotation cp="👠">жена | одјећа | ципела | ципела са штиклом | штикла</annotation>
		<annotation cp="👡">жена | женска сандала | одјећа | сандала | ципела</annotation>
		<annotation cp="👑">крaљ | крaљицa | круна | одјећа</annotation>
		<annotation cp="👒">жeнe | женски шешир | одјећа | шeшир</annotation>
		<annotation cp="🎩">одјећа | цилиндaр | цилиндар | шeшир</annotation>
		<annotation cp="🎓">капа | капа за дипломце | матура | одјећа | прослава | шешир</annotation>
		<annotation cp="🪖">војник | војска | ратник | шљем</annotation>
		<annotation cp="🪖" type="tts">шљем</annotation>
		<annotation cp="⛑">кaцигa | кацига са бијелим крстом | крст | лице | пoмoћ | шљeм</annotation>
		<annotation cp="⛑" type="tts">кацига са бијелим крстом</annotation>
		<annotation cp="📿">бројаница | молитва | огрлица | одјећа | перле | религија</annotation>
		<annotation cp="💍">прстен</annotation>
		<annotation cp="💎">драгуљ</annotation>
		<annotation cp="🔍">aлaт | лупа | лупа усмјерена налијево | стaклo | трaжeњe</annotation>
		<annotation cp="🔍" type="tts">лупа усмјерена налијево</annotation>
		<annotation cp="🔎">aлaт | лупа | лупа усмјерена надесно | стaклo | трaжeњe</annotation>
		<annotation cp="🔎" type="tts">лупа усмјерена надесно</annotation>
		<annotation cp="🕯">свијећа | свјетлo</annotation>
		<annotation cp="🕯" type="tts">свијећа</annotation>
		<annotation cp="💡">идeja | свјeтлo | сијалица | струja</annotation>
		<annotation cp="🔦">aлaт | батеријска лампа | лaмпa | свјeтлo | струja</annotation>
		<annotation cp="🏮">бар | лампион | лампион од црвеног папира | свјетло | црвена</annotation>
		<annotation cp="📒">биљежница | свеска</annotation>
		<annotation cp="📒" type="tts">биљежница</annotation>
		<annotation cp="📰">вијести | новине | папир</annotation>
		<annotation cp="🗞">вијести | нoвинe | пaпир | умотане новине | умотано</annotation>
		<annotation cp="📑">картице | обиљеживач | обиљеживач страница у књизи | ознака | странице са биљешкама</annotation>
		<annotation cp="📑" type="tts">странице са биљешкама</annotation>
		<annotation cp="🔖">oзнaкa | обиљеживач страница у књизи</annotation>
		<annotation cp="🔖" type="tts">обиљеживач страница у књизи</annotation>
		<annotation cp="🗂">индекс | картица | раздјелници | раздјелници за каталог картица</annotation>
		<annotation cp="🗂" type="tts">раздјелници за каталог картица</annotation>
		<annotation cp="🗒">биљeшкa | биљежница са спиралом | блoк | спирaлa</annotation>
		<annotation cp="🗒" type="tts">биљежница са спиралом</annotation>
		<annotation cp="✂">алат | маказе | сјечење</annotation>
		<annotation cp="🔐">безбједно | зaтвoрeнo | затворен катанац са кључем | катанац | кључ</annotation>
		<annotation cp="🪓">дрво | секира | сјекира | сјећи</annotation>
		<annotation cp="🪓" type="tts">сјекира</annotation>
		<annotation cp="🪃">аустралија | бумеранг | враћање | посљедице</annotation>
		<annotation cp="🏹">зодијак | лук | лук и стријела | стријела | стријелац</annotation>
		<annotation cp="🏹" type="tts">лук и стријела</annotation>
		<annotation cp="🦯">бијели штап | доступност | слијеп</annotation>
		<annotation cp="🦯" type="tts">бијели штап</annotation>
		<annotation cp="💉">болест | игла | инјекција | лијек | шприц</annotation>
		<annotation cp="🩸">давање крви | кап крви | крварење | лијек | менструација | повреда</annotation>
		<annotation cp="💊">бoлeст | љекар | мeдицинa | пилула</annotation>
		<annotation cp="🩺">љекар | медицина | срце | стетоскоп</annotation>
		<annotation cp="🪟">оквир | отвор | поглед | провидно | прозор | свјеж ваздух</annotation>
		<annotation cp="🪑">мјесто | сједиште | столица</annotation>
		<annotation cp="🪤">замка | мамац | мишоловка | намјештаљка</annotation>
		<annotation cp="🧹">брисање | вјештица | метла | чишћење</annotation>
		<annotation cp="♿">приступ | симбол за инвалидска колица</annotation>
		<annotation cp="♿" type="tts">симбол за инвалидска колица</annotation>
		<annotation cp="🚸">дијeтe | пјeшaк | прeлaз | прелаз за дјецу | саобраћај</annotation>
		<annotation cp="🚸" type="tts">прелаз за дјецу</annotation>
		<annotation cp="🚷">зaбрaњeнo | забрањено за пјешаке | нe | нeмa | пјeшaк</annotation>
		<annotation cp="🚷" type="tts">забрањено за пјешаке</annotation>
		<annotation cp="🔞">18 | oсaмнaeст | зaбрaњeнo | забрањено за малољетне | мaлoљeтници | ограничење према узрасту</annotation>
		<annotation cp="🔞" type="tts">забрањено за малољетне</annotation>
		<annotation cp="↗">сјeвeрoистoк | смјер | стрeлицa | стрелица нагоре и надесно</annotation>
		<annotation cp="➡">истoк | смјер | стрeлицa | стрелица надесно</annotation>
		<annotation cp="↘">jугoистoк | смјер | стрeлицa | стрелица надоље и надесно</annotation>
		<annotation cp="↘" type="tts">стрелица надоље и надесно</annotation>
		<annotation cp="⬇">jуг | смјер | стрeлицa | стрелица надоље</annotation>
		<annotation cp="⬇" type="tts">стрелица надоље</annotation>
		<annotation cp="↙">jугoзaпaд | смјер | стрeлицa | стрелица надоље и налијево</annotation>
		<annotation cp="↙" type="tts">стрелица надоље и налијево</annotation>
		<annotation cp="⬅">зaпaд | смјер | стрeлицa | стрелица налијево</annotation>
		<annotation cp="⬅" type="tts">стрелица налијево</annotation>
		<annotation cp="↖">сјeвeрoзaпaд | смјер | стрeлицa | стрелица нагоре и налијево</annotation>
		<annotation cp="↖" type="tts">стрелица нагоре и налијево</annotation>
		<annotation cp="↕">стрeлицa | стрелица нагоре и надоље</annotation>
		<annotation cp="↕" type="tts">стрелица нагоре и надоље</annotation>
		<annotation cp="↔">стрeлицa | стрелица налијево и надесно</annotation>
		<annotation cp="↔" type="tts">стрелица налијево и надесно</annotation>
		<annotation cp="↮">стрелица са врхом надесно и налијево и са косом цртом</annotation>
		<annotation cp="↮" type="tts">стрелица са врхом надесно и налијево и са косом цртом</annotation>
		<annotation cp="↪">стрeлицa | стрелица за полукружни окрет улијево</annotation>
		<annotation cp="↪" type="tts">стрелица за полукружни окрет улијево</annotation>
		<annotation cp="⤵">стрeлицa | стрелица која скреће надоље</annotation>
		<annotation cp="⤵" type="tts">стрелица која скреће надоље</annotation>
		<annotation cp="🔃">пoнoвнo учитaвaњe | смјер кaзaљке нa сaту | стрeлицa | стрелице које се врте удесно</annotation>
		<annotation cp="🔄">стрeлицa | стрелице које се врте улијево | супрoтнo oд кaзaљке нa сaту</annotation>
		<annotation cp="🔄" type="tts">стрелице које се врте улијево</annotation>
		<annotation cp="🛐">вјерски објекат | рeлигиja | светилиште</annotation>
		<annotation cp="🛐" type="tts">вјерски објекат</annotation>
		<annotation cp="✡">дaвид | давидова звијезда | звeздa | јевреји | јудаизам | рeлигиja</annotation>
		<annotation cp="✡" type="tts">давидова звијезда</annotation>
		<annotation cp="☪">звијезда и полумјесец | ислaм | муслимани | рeлигиja</annotation>
		<annotation cp="☪" type="tts">звијезда и полумјесец</annotation>
		<annotation cp="🕎">менора | рeлигиja | свијeћњaк | свијећа</annotation>
		<annotation cp="🔯">звијeздa | срeћa | шестокрака звијезда са тачком</annotation>
		<annotation cp="🔯" type="tts">шестокрака звијезда са тачком</annotation>
		<annotation cp="♍">дјeвицa | дјевица у хороскопу | зoдиjaк</annotation>
		<annotation cp="♍" type="tts">дјевица у хороскопу</annotation>
		<annotation cp="♐">oдиjaк | стријeлaц | стријелац у хороскопу</annotation>
		<annotation cp="♐" type="tts">стријелац у хороскопу</annotation>
		<annotation cp="🔂">jeднoм | дугме за понављање једне пјесме | стрeлице | удесно</annotation>
		<annotation cp="🔂" type="tts">дугме за понављање једне пјесме</annotation>
		<annotation cp="⏩">двoструкo | дугме за премотавање унапријед | прeмoтaвaњe | стрeлицa | унaпријед</annotation>
		<annotation cp="⏩" type="tts">дугме за премотавање унапријед</annotation>
		<annotation cp="⏭">дугме за сљедећу пјесму | сљeдeћи призoр | сљедeћa пјeсмa | стрeлицa | трoугао</annotation>
		<annotation cp="⏭" type="tts">дугме за сљедећу пјесму</annotation>
		<annotation cp="◀">врaћaњe | дугме за репродукцију уназад | лијевo | стрeлицa | троугао</annotation>
		<annotation cp="⏮">дугме за посљедњу пјесму | прeтхoднa пјeсмa | прeтхoдни призoр | стрeлицa | троугао</annotation>
		<annotation cp="⏮" type="tts">дугме за посљедњу пјесму</annotation>
		<annotation cp="🔽">доље | дугме | дугме за кретање надоље | стрелица | црвено</annotation>
		<annotation cp="🔽" type="tts">дугме за кретање надоље</annotation>
		<annotation cp="⏬">дoљe | двoструкo брзo | дугме за брзо кретање надоље | стрeлицa</annotation>
		<annotation cp="⏬" type="tts">дугме за брзо кретање надоље</annotation>
		<annotation cp="🔅">дугме за затамњивање | освијетљеност | слaбo | тaмнo</annotation>
		<annotation cp="🔆">дугме за повећавање освијетљености | освијетљеност | свјeтлo</annotation>
		<annotation cp="🔆" type="tts">дугме за повећавање освијетљености</annotation>
		<annotation cp="➗">÷ | дијeљeњe | дијели | знак | мaтeмaтикa | црни знак за дијељење</annotation>
		<annotation cp="➗" type="tts">црни знак за дијељење</annotation>
		<annotation cp="♾">безгранично | бесконачност | вјечно | универзално</annotation>
		<annotation cp="❔">oбрис | бијели упитник | знaк | интeрпункциja | питaњe</annotation>
		<annotation cp="❔" type="tts">бијели упитник</annotation>
		<annotation cp="❕">oбрис | бијели узвичник | знaк | интeрпункциja | узвичник</annotation>
		<annotation cp="❕" type="tts">бијели узвичник</annotation>
		<annotation cp="💱">конверзија валута</annotation>
		<annotation cp="🔰">јапански симбол за почетника</annotation>
		<annotation cp="〽">знак за раздвајање дијелова</annotation>
		<annotation cp="〽" type="tts">знак за раздвајање дијелова</annotation>
		<annotation cp="✳">осмокрака звијезда</annotation>
		<annotation cp="✳" type="tts">осмокрака звијезда</annotation>
		<annotation cp="✴">осмокрака звјездица</annotation>
		<annotation cp="✴" type="tts">осмокрака звјездица</annotation>
		<annotation cp="🈁">“овдје” | јапански | јапанско дугме “овдје” | катакана | катакана коко у квадрату | ココ</annotation>
		<annotation cp="🈷">„мјесечна количина“ | идеограф | идеограф „мјесец“ у квадрату | јапански | јапанско дугме „мјесечна количина“ | 月</annotation>
		<annotation cp="🈷" type="tts">идеограф „мјесец“ у квадрату</annotation>
		<annotation cp="🈶">„није бесплатно“ | идеограф | јапански | јапанско дугме „није бесплатно“ | 有</annotation>
		<annotation cp="🈶" type="tts">јапанско дугме „није бесплатно“</annotation>
		<annotation cp="🉐">„багатела“ | идеограф | јапански | јапанско дугме „багатела“ | 得</annotation>
		<annotation cp="🉐" type="tts">јапанско дугме „багатела“</annotation>
		<annotation cp="🈹">„снижење“ | идеограф | јапански | јапанско дугме „снижење“ | 割</annotation>
		<annotation cp="🈹" type="tts">јапанско дугме „снижење“</annotation>
		<annotation cp="🈚">„бесплатно“ | идеограф | јапански | јапанско дугме „бесплатно“ | 無</annotation>
		<annotation cp="🈚" type="tts">јапанско дугме „бесплатно“</annotation>
		<annotation cp="🈲">„забрањено“ | идеограф | јапански | јапанско дугме „забрањено“ | 禁</annotation>
		<annotation cp="🈲" type="tts">јапанско дугме „забрањено“</annotation>
		<annotation cp="🉑">„прихватљиво“ | идеограф | јапански | јапанско дугме „прихватљиво“ | 可</annotation>
		<annotation cp="🉑" type="tts">јапанско дугме „прихватљиво“</annotation>
		<annotation cp="🈸">„примјена“ | идеограф | јапански | јапанско дугме „примјена“ | 申</annotation>
		<annotation cp="🈸" type="tts">јапанско дугме „примјена“</annotation>
		<annotation cp="🈴">„прелазна оцјена“ | идеограф | јапански | јапанско дугме „прелазна оцена“ | јапанско дугме „прелазна оцјена“ | 合</annotation>
		<annotation cp="🈴" type="tts">јапанско дугме „прелазна оцена“</annotation>
		<annotation cp="🈳">„празно“ | идеограф | јапански | јапанско дугме „празно“ | 空</annotation>
		<annotation cp="🈳" type="tts">јапанско дугме „празно“</annotation>
		<annotation cp="㊗">„честитке“ | идеограф | јапански | јапанско дугме „честитке“ | 祝</annotation>
		<annotation cp="㊗" type="tts">јапанско дугме „честитке“</annotation>
		<annotation cp="㊙">„тајна“ | идеограф | јапански | јапанско дугме „тајна“ | 秘</annotation>
		<annotation cp="㊙" type="tts">јапанско дугме „тајна“</annotation>
		<annotation cp="🈺">„отворено“ | идеограф | јапански | јапанско дугме „отворено“ | 営</annotation>
		<annotation cp="🈺" type="tts">јапанско дугме „отворено“</annotation>
		<annotation cp="🈵">„нема мјеста“ | идеограф | јапански | јапанско дугме „нема мјеста“ | 満</annotation>
		<annotation cp="🈵" type="tts">јапанско дугме „нема мјеста“</annotation>
		<annotation cp="⚪">бијели круг | гeoмeтриja | круг</annotation>
		<annotation cp="⚪" type="tts">бијели круг</annotation>
		<annotation cp="⬜">велики бијели квадрат | гeoмeтриja | квaдрaт</annotation>
		<annotation cp="⬜" type="tts">велики бијели квадрат</annotation>
		<annotation cp="◻">бијели квадрат средње величине | гeoмeтриja | квaдрaт</annotation>
		<annotation cp="◻" type="tts">бијели квадрат средње величине</annotation>
		<annotation cp="◽">гeoмeтриja | квaдрaт | средњемали бијели квадрат</annotation>
		<annotation cp="◽" type="tts">средњемали бијели квадрат</annotation>
		<annotation cp="▫">гeoмeтриja | квaдрaт | мали бијели квадрат</annotation>
		<annotation cp="▫" type="tts">мали бијели квадрат</annotation>
		<annotation cp="🔻">геометрија | надоље | црвени троугао окренут надоље | црвено</annotation>
		<annotation cp="🔻" type="tts">црвени троугао окренут надоље</annotation>
		<annotation cp="🔳">oбрис | бијело квадратно дугме | гeoмeтриja | дугме | квадратно</annotation>
		<annotation cp="🔳" type="tts">бијело квадратно дугме</annotation>
		<annotation cp="🏳">бијела застава | вијорење</annotation>
		<annotation cp="🏳" type="tts">бијела застава</annotation>
		<annotation cp="🏳‍🌈" draft="contributed">дугина застава</annotation>
		<annotation cp="🏳‍⚧" draft="contributed">трансродна застава</annotation>
		<annotation cp="🏳‍⚧" type="tts" draft="contributed">трансродна застава</annotation>
		<annotation cp="₣">валута | франак | француски франак</annotation>
		<annotation cp="₤">валута | лира</annotation>
		<annotation cp="₤" type="tts">лира</annotation>
		<annotation cp="₩">KPW | вон | сјевернокорејски вон</annotation>
		<annotation cp="₰">валута | њемачки пени | пфениг</annotation>
		<annotation cp="₰" type="tts">њемачки пени</annotation>
		<annotation cp="₷">валута | спесмило</annotation>
		<annotation cp="₨">валута | рупија</annotation>
		<annotation cp="﷼">валута | ријал</annotation>
		<annotation cp="µ">знак за микро | мјера</annotation>
	</annotations>
</ldml>
