<?xml version="1.0" encoding="UTF-8" ?>
<!DOCTYPE ldml SYSTEM "../../common/dtd/ldml.dtd">
<!-- Copyright © 1991-2022 Unicode, Inc.
For terms of use, see http://www.unicode.org/copyright.html
SPDX-License-Identifier: Unicode-DFS-2016
CLDR data files are interpreted according to the LDML specification (http://unicode.org/reports/tr35/)
-->
<ldml>
	<identity>
		<version number="$Revision$"/>
		<language type="sr"/>
		<script type="Latn"/>
		<territory type="BA"/>
	</identity>
	<annotations>
		<annotation cp="{">lijeva vitičasta zagrada</annotation>
		<annotation cp="{" type="tts">lijeva vitičasta zagrada</annotation>
		<annotation cp="🏻">boja kože | svijetla koža | tip kože 1–2</annotation>
		<annotation cp="🏻" type="tts">svijetla koža</annotation>
		<annotation cp="🏼">boja kože | srednje svijetla koža | tip kože 3</annotation>
		<annotation cp="🏼" type="tts">srednje svijetla koža</annotation>
		<annotation cp="🏽">boja kože | ni svijetla ni tamna koža | tip kože 4</annotation>
		<annotation cp="🏽" type="tts">ni svijetla ni tamna koža</annotation>
		<annotation cp=":">dvije tačke</annotation>
		<annotation cp=":" type="tts">dvije tačke</annotation>
		<annotation cp="‘">apostrof | lijevi apostrof | navodnik | polunavodnik | tipografski navodnik</annotation>
		<annotation cp="‘" type="tts">lijevi apostrof</annotation>
		<annotation cp="“">dvostruki navodnici | lijevi navodnik | navodnici | navodnik | tipografski navodnik</annotation>
		<annotation cp="“" type="tts">lijevi navodnik</annotation>
		<annotation cp="«">lijevi francuski navodnik</annotation>
		<annotation cp="«" type="tts">lijevi francuski navodnik</annotation>
		<annotation cp="[">lijeva uglasta zagrada</annotation>
		<annotation cp="[" type="tts">lijeva uglasta zagrada</annotation>
		<annotation cp="〈">dijamantske zagrade | lijeva tupougla zagrada | n-torka | šiljasta zagrada | zagrada</annotation>
		<annotation cp="〈" type="tts">lijeva tupougla zagrada</annotation>
		<annotation cp="《">lijeva dvostruka tupougla zagrada</annotation>
		<annotation cp="《" type="tts">lijeva dvostruka tupougla zagrada</annotation>
		<annotation cp="「">lijeva jednouglasta zagrada</annotation>
		<annotation cp="「" type="tts">lijeva jednouglasta zagrada</annotation>
		<annotation cp="『">lijeva šuplja jednouglasta zagrada</annotation>
		<annotation cp="『" type="tts">lijeva šuplja jednouglasta zagrada</annotation>
		<annotation cp="【">crna lijeva konkavna zagrada</annotation>
		<annotation cp="【" type="tts">crna lijeva konkavna zagrada</annotation>
		<annotation cp="〔">lijeva saćasta zagrada</annotation>
		<annotation cp="〔" type="tts">lijeva saćasta zagrada</annotation>
		<annotation cp="〖">lijeva konkavna šuplja zagrada</annotation>
		<annotation cp="〖" type="tts">lijeva konkavna šuplja zagrada</annotation>
		<annotation cp="§">dio | odjeljak | paragraf | znak za odjeljak</annotation>
		<annotation cp="§" type="tts">odjeljak</annotation>
		<annotation cp="*">zvjezdica</annotation>
		<annotation cp="*" type="tts">zvjezdica</annotation>
		<annotation cp="⁂">asterizam | zvjezdice</annotation>
		<annotation cp="°">čas | stepen | udio</annotation>
		<annotation cp="←">lijevo | strelica | strelica koja pokazuje nalijevo</annotation>
		<annotation cp="←" type="tts">strelica koja pokazuje nalijevo</annotation>
		<annotation cp="↚">kosa crta sa strelicom nalijevo</annotation>
		<annotation cp="↚" type="tts">kosa crta sa strelicom nalijevo</annotation>
		<annotation cp="↓">dolje | strelica | strelica koja pokazuje nadolje</annotation>
		<annotation cp="↓" type="tts">strelica koja pokazuje nadolje</annotation>
		<annotation cp="↜">talasasta strelica nalijevo</annotation>
		<annotation cp="↜" type="tts">talasasta strelica nalijevo</annotation>
		<annotation cp="↞">strelica nalijevo sa dva vrha</annotation>
		<annotation cp="↞" type="tts">strelica nalijevo sa dva vrha</annotation>
		<annotation cp="↡">strelica nadolje sa dva vrha</annotation>
		<annotation cp="↡" type="tts">strelica nadolje sa dva vrha</annotation>
		<annotation cp="↢">strelica sa repom nalijevo</annotation>
		<annotation cp="↢" type="tts">strelica sa repom nalijevo</annotation>
		<annotation cp="↤">strelica sa crtom nalijevo</annotation>
		<annotation cp="↤" type="tts">strelica sa crtom nalijevo</annotation>
		<annotation cp="↧">strelica sa crtom nadolje</annotation>
		<annotation cp="↧" type="tts">strelica sa crtom nadolje</annotation>
		<annotation cp="↨">strelica nagore i nadolje sa bazom</annotation>
		<annotation cp="↨" type="tts">strelica nagore i nadolje sa bazom</annotation>
		<annotation cp="↫">strelica nalijevo sa petljom</annotation>
		<annotation cp="↫" type="tts">strelica nalijevo sa petljom</annotation>
		<annotation cp="↬">strelica nadesno sa petljom</annotation>
		<annotation cp="↬" type="tts">strelica nadesno sa petljom</annotation>
		<annotation cp="↭">talasasta strelica sa vrhom nalijevo i nadesno</annotation>
		<annotation cp="↭" type="tts">talasasta strelica sa vrhom nalijevo i nadesno</annotation>
		<annotation cp="↯">cik-cak strelica nadolje</annotation>
		<annotation cp="↯" type="tts">cik-cak strelica nadolje</annotation>
		<annotation cp="↰">strelica nagore sa vrhom nalijevo</annotation>
		<annotation cp="↰" type="tts">strelica nagore sa vrhom nalijevo</annotation>
		<annotation cp="↲">strelica nadolje sa vrhom nalijevo</annotation>
		<annotation cp="↲" type="tts">strelica nadolje sa vrhom nalijevo</annotation>
		<annotation cp="↳">strelica nadolje sa vrhom nadesno</annotation>
		<annotation cp="↳" type="tts">strelica nadolje sa vrhom nadesno</annotation>
		<annotation cp="↴">strelica nadesno sa uglom nadolje</annotation>
		<annotation cp="↴" type="tts">strelica nadesno sa uglom nadolje</annotation>
		<annotation cp="↵">strelica nadolje sa uglom nalijevo</annotation>
		<annotation cp="↵" type="tts">strelica nadolje sa uglom nalijevo</annotation>
		<annotation cp="↶">polukružna strelica u smjeru suprotnom od kazaljke na satu</annotation>
		<annotation cp="↶" type="tts">polukružna strelica u smjeru suprotnom od kazaljke na satu</annotation>
		<annotation cp="↷">polukružna strelica u smjeru kazaljke na satu</annotation>
		<annotation cp="↷" type="tts">polukružna strelica u smjeru kazaljke na satu</annotation>
		<annotation cp="↸">strelica sa dugom crtom u smjeru sjeverozapada</annotation>
		<annotation cp="↸" type="tts">strelica sa dugom crtom u smjeru sjeverozapada</annotation>
		<annotation cp="↹">strelica sa crtom nalijevo iznad strelice sa crtom nadesno</annotation>
		<annotation cp="↹" type="tts">strelica sa crtom nalijevo iznad strelice sa crtom nadesno</annotation>
		<annotation cp="↺">otvorena kružna strelica u smjeru suprotnom od kazaljke na satu</annotation>
		<annotation cp="↺" type="tts">otvorena kružna strelica u smjeru suprotnom od kazaljke na satu</annotation>
		<annotation cp="↻">otvorena kružna strelica u smjeru kazaljke na satu</annotation>
		<annotation cp="↻" type="tts">otvorena kružna strelica u smjeru kazaljke na satu</annotation>
		<annotation cp="↼">harpun nalijevo sa kukicom nagore</annotation>
		<annotation cp="↼" type="tts">harpun nalijevo sa kukicom nagore</annotation>
		<annotation cp="↽">harpun nalijevo sa kukicom nadolje</annotation>
		<annotation cp="↽" type="tts">harpun nalijevo sa kukicom nadolje</annotation>
		<annotation cp="↿">harpun nagore sa kukicom nalijevo</annotation>
		<annotation cp="↿" type="tts">harpun nagore sa kukicom nalijevo</annotation>
		<annotation cp="⇁">harpun nadesno sa kukicom nadolje | kukica</annotation>
		<annotation cp="⇁" type="tts">harpun nadesno sa kukicom nadolje</annotation>
		<annotation cp="⇂">harpun nadolje sa kukicom nadesno | kukica</annotation>
		<annotation cp="⇂" type="tts">harpun nadolje sa kukicom nadesno</annotation>
		<annotation cp="⇃">harpun nadolje sa kukicom nalijevo | kukica</annotation>
		<annotation cp="⇃" type="tts">harpun nadolje sa kukicom nalijevo</annotation>
		<annotation cp="⇄">strelica udesno iznad strelice nalijevo</annotation>
		<annotation cp="⇄" type="tts">strelica udesno iznad strelice nalijevo</annotation>
		<annotation cp="⇅">dolje | gore | strelica | strelica nagore i strelica nadolje</annotation>
		<annotation cp="⇅" type="tts">strelica nagore i strelica nadolje</annotation>
		<annotation cp="⇆">desno | lijevo | strelica | strelica nalijevo iznad strelice nadesno</annotation>
		<annotation cp="⇆" type="tts">strelica nalijevo iznad strelice nadesno</annotation>
		<annotation cp="⇇">uparene strelice nalijevo</annotation>
		<annotation cp="⇇" type="tts">uparene strelice nalijevo</annotation>
		<annotation cp="⇊">uparene strelice nadolje</annotation>
		<annotation cp="⇊" type="tts">uparene strelice nadolje</annotation>
		<annotation cp="⇋">harpun nalijevo iznad harpuna nadesno</annotation>
		<annotation cp="⇋" type="tts">harpun nalijevo iznad harpuna nadesno</annotation>
		<annotation cp="⇌">harpun nadesno iznad harpuna nalijevo</annotation>
		<annotation cp="⇌" type="tts">harpun nadesno iznad harpuna nalijevo</annotation>
		<annotation cp="⇐">dvostruka strelica nalijevo</annotation>
		<annotation cp="⇐" type="tts">dvostruka strelica nalijevo</annotation>
		<annotation cp="⇍">precrtana dvostruka strelica nalijevo</annotation>
		<annotation cp="⇍" type="tts">precrtana dvostruka strelica nalijevo</annotation>
		<annotation cp="⇓">dvostruka strelica nadolje</annotation>
		<annotation cp="⇓" type="tts">dvostruka strelica nadolje</annotation>
		<annotation cp="⇔">dvostruka strelica nalijevo i nadesno</annotation>
		<annotation cp="⇔" type="tts">dvostruka strelica nalijevo i nadesno</annotation>
		<annotation cp="⇎">precrtana dvostruka strelica nalijevo i nadesno</annotation>
		<annotation cp="⇎" type="tts">precrtana dvostruka strelica nalijevo i nadesno</annotation>
		<annotation cp="⇖">dvostruka strelica nagore i nalijevo</annotation>
		<annotation cp="⇖" type="tts">dvostruka strelica nagore i nalijevo</annotation>
		<annotation cp="⇘">dvostruka strelica nadolje i nadesno</annotation>
		<annotation cp="⇘" type="tts">dvostruka strelica nadolje i nadesno</annotation>
		<annotation cp="⇙">dvostruka strelica nadolje i nalijevo</annotation>
		<annotation cp="⇙" type="tts">dvostruka strelica nadolje i nalijevo</annotation>
		<annotation cp="⇚">trostruka strelica nalijevo</annotation>
		<annotation cp="⇚" type="tts">trostruka strelica nalijevo</annotation>
		<annotation cp="⇜">krivudava strelica nalijevo</annotation>
		<annotation cp="⇜" type="tts">krivudava strelica nalijevo</annotation>
		<annotation cp="⇟">dvostruko precrtana strelica nadolje</annotation>
		<annotation cp="⇟" type="tts">dvostruko precrtana strelica nadolje</annotation>
		<annotation cp="⇠">isprekidana crtica nalijevo</annotation>
		<annotation cp="⇠" type="tts">isprekidana crtica nalijevo</annotation>
		<annotation cp="⇣">isprekidana crtica nadolje</annotation>
		<annotation cp="⇣" type="tts">isprekidana crtica nadolje</annotation>
		<annotation cp="⇤">strelica nalijevo sa crtom</annotation>
		<annotation cp="⇤" type="tts">strelica nalijevo sa crtom</annotation>
		<annotation cp="⇦">prazna strelica nalijevo</annotation>
		<annotation cp="⇦" type="tts">prazna strelica nalijevo</annotation>
		<annotation cp="⇩">prazna strelica nadolje</annotation>
		<annotation cp="⇩" type="tts">prazna strelica nadolje</annotation>
		<annotation cp="⇵">strelica nadolje i strelica nagore</annotation>
		<annotation cp="⇵" type="tts">strelica nadolje i strelica nagore</annotation>
		<annotation cp="∀">bilo koje | sve | univerzalno | za sve</annotation>
		<annotation cp="∅">matematika | operator skupa | prazan skup</annotation>
		<annotation cp="∉">element | nije element</annotation>
		<annotation cp="∋">element | sadrži kao član</annotation>
		<annotation cp="∏">logički | N-ti proizvod | proizvod</annotation>
		<annotation cp="÷">dijeljenje | podijeliti | znak dijeljenja</annotation>
		<annotation cp="÷" type="tts">znak dijeljenja</annotation>
		<annotation cp="≯">matematika | nejednakost | nije veće od</annotation>
		<annotation cp="∓">minus ili plus | plus-minus</annotation>
		<annotation cp="∕">crta | kosa crta | kosa crta za dijeljenje | zapeta</annotation>
		<annotation cp="∕" type="tts">kosa crta za dijeljenje</annotation>
		<annotation cp="⁄">kosa crta za dijeljenje | razlomačka kosa crta | zapeta</annotation>
		<annotation cp="∗">operator u obliku zvjezdice | zvjezdica</annotation>
		<annotation cp="∗" type="tts">operator u obliku zvjezdice</annotation>
		<annotation cp="√">korijen | kvadratni | radikal</annotation>
		<annotation cp="√" type="tts">kvadratni korijen</annotation>
		<annotation cp="∝">proporcionalno | proporcionalnost</annotation>
		<annotation cp="∟">matematika | prav ugao | pravi ugao</annotation>
		<annotation cp="∠">oštar | ugao</annotation>
		<annotation cp="∣">dijeljenje | djelilac</annotation>
		<annotation cp="∣" type="tts">dijeljenje</annotation>
		<annotation cp="∧">logička konjunkcija | logičko „i“</annotation>
		<annotation cp="∩">presjek</annotation>
		<annotation cp="∩" type="tts">presjek</annotation>
		<annotation cp="∫">infinitezimalni račun | integral</annotation>
		<annotation cp="∫" type="tts">integral</annotation>
		<annotation cp="∷">proporcija | proporcionalnost</annotation>
		<annotation cp="∾">obrnuti lijeni s</annotation>
		<annotation cp="∾" type="tts">obrnuti lijeni s</annotation>
		<annotation cp="≦">manje od iznad jednako | matematika | nejednakost</annotation>
		<annotation cp="≪">matematika | mnogo manje od | nejednakost</annotation>
		<annotation cp="≻">matematika | operator skupa | slijedi</annotation>
		<annotation cp="≻" type="tts">slijedi</annotation>
		<annotation cp="⊁">matematika | ne slijedi | operator skupa</annotation>
		<annotation cp="⊁" type="tts">ne slijedi</annotation>
		<annotation cp="⊕">plus | plus u krugu</annotation>
		<annotation cp="⊘">matematika | nalik dijeljenju | znak dijeljenja u krugu</annotation>
		<annotation cp="⊘" type="tts">znak dijeljenja u krugu</annotation>
		<annotation cp="⊛">operator | operator u obliku zaokružene zvjezdice | zvjezdica</annotation>
		<annotation cp="⊛" type="tts">operator u obliku zaokružene zvjezdice</annotation>
		<annotation cp="⊱">matematika | operator skupa | slijedi ispod relacije</annotation>
		<annotation cp="⊱" type="tts">slijedi ispod relacije</annotation>
		<annotation cp="⋆">operator | operator u obliku zvijezde</annotation>
		<annotation cp="⋆" type="tts">operator u obliku zvijezde</annotation>
		<annotation cp="⋒">dvostruki presjek | matematika | operator skupa | presjek</annotation>
		<annotation cp="⋒" type="tts">dvostruki presjek</annotation>
		<annotation cp="⋱">dijagonalna trotačka nadolje desno | matematika | trotačka</annotation>
		<annotation cp="⋱" type="tts">dijagonalna trotačka nadolje desno</annotation>
		<annotation cp="▧">kvadrat sa popunom od gore lijevo prema dolje desno</annotation>
		<annotation cp="▧" type="tts">kvadrat sa popunom od gore lijevo prema dolje desno</annotation>
		<annotation cp="▨">kvadrat sa popunom od gore desno prema dolje lijevo</annotation>
		<annotation cp="▨" type="tts">kvadrat sa popunom od gore desno prema dolje lijevo</annotation>
		<annotation cp="▼">dolje | ispunjen trougao okrenut nadolje | ispunjeno | strelica | trougao</annotation>
		<annotation cp="▼" type="tts">ispunjen trougao okrenut nadolje</annotation>
		<annotation cp="▽">prazan trougao okrenut nadolje</annotation>
		<annotation cp="▽" type="tts">prazan trougao okrenut nadolje</annotation>
		<annotation cp="▾">popunjeni mali trougao okrenut nadolje</annotation>
		<annotation cp="▾" type="tts">popunjeni mali trougao okrenut nadolje</annotation>
		<annotation cp="▿">prazan mali trougao okrenut nadolje</annotation>
		<annotation cp="▿" type="tts">prazan mali trougao okrenut nadolje</annotation>
		<annotation cp="◁">prazan trougao okrenut nalijevo</annotation>
		<annotation cp="◁" type="tts">prazan trougao okrenut nalijevo</annotation>
		<annotation cp="◂">popunjeni mali trougao okrenut nalijevo</annotation>
		<annotation cp="◂" type="tts">popunjeni mali trougao okrenut nalijevo</annotation>
		<annotation cp="◃">prazan mali trougao okrenut nalijevo</annotation>
		<annotation cp="◃" type="tts">prazan mali trougao okrenut nalijevo</annotation>
		<annotation cp="◄">popunjeni pokazivač okrenut nalijevo</annotation>
		<annotation cp="◄" type="tts">popunjeni pokazivač okrenut nalijevo</annotation>
		<annotation cp="◅">prazan pokazivač okrenut nalijevo</annotation>
		<annotation cp="◅" type="tts">prazan pokazivač okrenut nalijevo</annotation>
		<annotation cp="◐">krug sa popunjenom levom polovinom | krug sa popunjenom lijevom polovinom</annotation>
		<annotation cp="◔">krug sa popunjenim gornjim desnim kvadrantom</annotation>
		<annotation cp="◔" type="tts">krug sa popunjenim gornjim desnim kvadrantom</annotation>
		<annotation cp="◕">krug sa praznim gornjim lijevim kvadrantom</annotation>
		<annotation cp="◕" type="tts">krug sa praznim gornjim lijevim kvadrantom</annotation>
		<annotation cp="◖">lijeva popunjena polovina kruga</annotation>
		<annotation cp="◖" type="tts">lijeva popunjena polovina kruga</annotation>
		<annotation cp="◜">kružni luk gornjeg lijevog kvadranta</annotation>
		<annotation cp="◜" type="tts">kružni luk gornjeg lijevog kvadranta</annotation>
		<annotation cp="◟">kružni luk donjeg lijevog kvadranta</annotation>
		<annotation cp="◟" type="tts">kružni luk donjeg lijevog kvadranta</annotation>
		<annotation cp="◢">popunjeni trougao dolje desno</annotation>
		<annotation cp="◢" type="tts">popunjeni trougao dolje desno</annotation>
		<annotation cp="◣">popunjeni trougao dolje lijevo</annotation>
		<annotation cp="◣" type="tts">popunjeni trougao dolje lijevo</annotation>
		<annotation cp="◤">popunjeni trougao gore lijevo</annotation>
		<annotation cp="◤" type="tts">popunjeni trougao gore lijevo</annotation>
		<annotation cp="⪺">slijedi iznad nije skoro jednako</annotation>
		<annotation cp="⪺" type="tts">slijedi iznad nije skoro jednako</annotation>
		<annotation cp="🪪">akreditivi | identifikacijska karta | licenca | zaštita</annotation>
		<annotation cp="🪷">budizam | čistoća | cvijet | hinduizam | Indija | lotus | Vijetnam</annotation>
		<annotation cp="🪹">gniježđenje | prazno gnijezdo</annotation>
		<annotation cp="🪹" type="tts">prazno gnijezdo</annotation>
		<annotation cp="🪺">gnijezdo | gnijezdo s jajima</annotation>
		<annotation cp="🪺" type="tts">gnijezdo s jajima</annotation>
		<annotation cp="🫠">lice se topi | nestajanje | rastapanje | tečno | topljenje</annotation>
		<annotation cp="🫡">da | lice salutira | ok | salutiranje | sunčano | trupe</annotation>
		<annotation cp="🫤">lice sa dijagonalnim ustima | meh | neubjedljivo | razočarano | skeptično</annotation>
		<annotation cp="🫧">čisto | mjehurići | podrigivanje | podvodno | sapun</annotation>
		<annotation cp="🫧" type="tts">mjehurići</annotation>
		<annotation cp="🛟">bezbjednost | plutanje | pojas za spasavanje | spasilac</annotation>
		<annotation cp="😀">lice sa širokim osmijehom</annotation>
		<annotation cp="😀" type="tts">lice sa širokim osmijehom</annotation>
		<annotation cp="😃">lice sa oduševljenim osmijehom</annotation>
		<annotation cp="😃" type="tts">lice sa oduševljenim osmijehom</annotation>
		<annotation cp="😄">lice koje se slatko smije</annotation>
		<annotation cp="😄" type="tts">lice koje se slatko smije</annotation>
		<annotation cp="😁">lice sa kezom</annotation>
		<annotation cp="😆">lice sa zločestim osmijehom</annotation>
		<annotation cp="😆" type="tts">lice sa zločestim osmijehom</annotation>
		<annotation cp="😅">lice sa nervoznim osmijehom</annotation>
		<annotation cp="😅" type="tts">lice sa nervoznim osmijehom</annotation>
		<annotation cp="🤣">valjanje od smijeha</annotation>
		<annotation cp="🤣" type="tts">valjanje od smijeha</annotation>
		<annotation cp="😂">lice sa suzama radosnicama</annotation>
		<annotation cp="🙂">blago nasmijano lice</annotation>
		<annotation cp="🙂" type="tts">blago nasmijano lice</annotation>
		<annotation cp="😊">nasmijano lice sa nasmijanim očima</annotation>
		<annotation cp="😊" type="tts">nasmijano lice sa nasmijanim očima</annotation>
		<annotation cp="😇">nasmijano lice sa oreolom</annotation>
		<annotation cp="😇" type="tts">nasmijano lice sa oreolom</annotation>
		<annotation cp="😍">nasmijano lice sa očima u obliku srca</annotation>
		<annotation cp="😍" type="tts">nasmijano lice sa očima u obliku srca</annotation>
		<annotation cp="🤩">pod srećnom zvijezdom</annotation>
		<annotation cp="🤩" type="tts">pod srećnom zvijezdom</annotation>
		<annotation cp="😘">lice koje šalje poljubac</annotation>
		<annotation cp="☺">nasmijano lice</annotation>
		<annotation cp="☺" type="tts">nasmijano lice</annotation>
		<annotation cp="😙">lice koje ljubi sa nasmijanim očima</annotation>
		<annotation cp="😙" type="tts">lice koje ljubi sa nasmijanim očima</annotation>
		<annotation cp="🥲">nasmijano lice sa suzom</annotation>
		<annotation cp="🥲" type="tts">nasmijano lice sa suzom</annotation>
		<annotation cp="😋">lice koje uživa u ukusnoj hrani</annotation>
		<annotation cp="🤪">ludačko lice</annotation>
		<annotation cp="🤑">pohlepno lice</annotation>
		<annotation cp="🤨">lice sa uzdignutom obrvom</annotation>
		<annotation cp="😐">lice sa neutralnim izrazom</annotation>
		<annotation cp="😏">lice koje se zlobno smješka</annotation>
		<annotation cp="😏" type="tts">lice koje se zlobno smješka</annotation>
		<annotation cp="🙄">kolutanje | kolutanje očima | lice | lice koje koluta očima | oči</annotation>
		<annotation cp="🤥">laž | lažljivac | lice | pinokio</annotation>
		<annotation cp="😷">lice sa medicinskom maskom</annotation>
		<annotation cp="🤒">bolest | lice | lice sa toplomjerom | prehlada | toplomjer</annotation>
		<annotation cp="🤒" type="tts">lice sa toplomjerom</annotation>
		<annotation cp="🥵">vruće lice</annotation>
		<annotation cp="🥶">hladno lice</annotation>
		<annotation cp="🤯">glava eksplodira</annotation>
		<annotation cp="🤠">lice kauboja</annotation>
		<annotation cp="🥳">lice na žurci</annotation>
		<annotation cp="🥸">anonimno | maska | naočari | nos | prerušeno lice</annotation>
		<annotation cp="😎">kul | lice | naočare za sunce | nasmijano lice sa naočarima za sunce | sunce</annotation>
		<annotation cp="😎" type="tts">nasmijano lice sa naočarima za sunce</annotation>
		<annotation cp="🧐">lice sa monoklom | uštogljen</annotation>
		<annotation cp="😕">lice | meh | zbunjeno lice | zbunjenost</annotation>
		<annotation cp="😲">lice | šokirano | totalno | zapanjeno</annotation>
		<annotation cp="😳">lice | rumeno | zajapureno lice | zbunjeno</annotation>
		<annotation cp="😦">lice | otvoreno | usta | začuđeno lice | začuđeno lice sa otvorenim ustima | začuđenost</annotation>
		<annotation cp="😨">lice | preplašenost | strah | uplašeno lice | uplašenost</annotation>
		<annotation cp="😰">hladno | lice | lice sa otvorenim ustima, obliveno hladnim znojem | plavo | užurbano | znoj</annotation>
		<annotation cp="😱">krik | lice | lice koje vrišti od straha | munk | strah | uplašen</annotation>
		<annotation cp="😖">lice | lice u nedoumici | nedoumica</annotation>
		<annotation cp="😓">lice obliveno hladnim znojem</annotation>
		<annotation cp="🥱">dosadno | lice zijeva | umoran | zijev</annotation>
		<annotation cp="🥱" type="tts">lice zijeva</annotation>
		<annotation cp="😤">lice | lice kome iz nosa izlazi para | pobjeda | trijumf</annotation>
		<annotation cp="😡">bijes | crvenilo | durenje | gnjev | lice | ljutnja | nadureno lice</annotation>
		<annotation cp="😠">bijes | gnjev | lice | ljutito lice | ljutnja</annotation>
		<annotation cp="😈">bajka | fantazija | lice | nasmijano lice sa rogovima | osmijeh | rogovi</annotation>
		<annotation cp="😈" type="tts">nasmijano lice sa rogovima</annotation>
		<annotation cp="👿">bajka | đavo | đavolčić | demon | lice | ljuto lice sa rogovima</annotation>
		<annotation cp="☠">čudovište | lice | lobanja | lobanja sa ukrštenim kostima | smrt | ukrštene kosti</annotation>
		<annotation cp="👹">bajka | čudovište | fantazija | lice | ogar | stvorenje</annotation>
		<annotation cp="👺">bajka | čudovište | fantazija | goblin | lice | stvorenje</annotation>
		<annotation cp="👻">bajka | čudovište | duh | fantazija | lice | stvorenje</annotation>
		<annotation cp="👾">čudovište | lice | nlo | stvorenje | vanzemaljac | vanzemaljsko čudovište</annotation>
		<annotation cp="🤖">robotsko lice</annotation>
		<annotation cp="😺">nasmijana mačka sa otvorenim ustima</annotation>
		<annotation cp="😺" type="tts">nasmijana mačka sa otvorenim ustima</annotation>
		<annotation cp="😸">mačka sa širokim osmijehom i nasmijanim očima</annotation>
		<annotation cp="😸" type="tts">mačka sa širokim osmijehom i nasmijanim očima</annotation>
		<annotation cp="😻">nasmijana mačka sa očima u obliku srca</annotation>
		<annotation cp="😻" type="tts">nasmijana mačka sa očima u obliku srca</annotation>
		<annotation cp="😼">mačka sa kiselim osmijehom</annotation>
		<annotation cp="😼" type="tts">mačka sa kiselim osmijehom</annotation>
		<annotation cp="😽">mačka koja ljubi sa zatvorenim očima</annotation>
		<annotation cp="😿">uplakana mačka</annotation>
		<annotation cp="😾">nadurena mačka</annotation>
		<annotation cp="🙈">lice | majmun | majmun ne vidi zlo | ne vidi zlo | vidjeti | zabranjeno | zlo</annotation>
		<annotation cp="🙊">govoriti | lice | majmun | majmun ne govori zlo | ne govori zlo | zabranjeno | zlo</annotation>
		<annotation cp="💌">ljubav | ljubavno pismo | pismo | pošta | srce</annotation>
		<annotation cp="💘">kupidon | srce probodeno strijelom | strelica</annotation>
		<annotation cp="💘" type="tts">srce probodeno strijelom</annotation>
		<annotation cp="❣">interpunkcija | ukrasni uzvičnik u obliku velikog srca | uzvičnik | uzvičnik u obliku srca</annotation>
		<annotation cp="❤‍🩹" draft="contributed">srce koje zacjeljuje</annotation>
		<annotation cp="❤‍🩹" type="tts" draft="contributed">srce koje zacjeljuje</annotation>
		<annotation cp="🖤">crno | crno srce | zlo | zloba</annotation>
		<annotation cp="🤍">bijelo srce</annotation>
		<annotation cp="🤍" type="tts">bijelo srce</annotation>
		<annotation cp="💢">simbol ljutnje</annotation>
		<annotation cp="💥">sudar</annotation>
		<annotation cp="💫">vrtoglavica</annotation>
		<annotation cp="💦">kapljice znoja</annotation>
		<annotation cp="💨">bježanje</annotation>
		<annotation cp="💨" type="tts">bježanje</annotation>
		<annotation cp="💬">oblačić za govor</annotation>
		<annotation cp="👁‍🗨" draft="contributed">oko u oblačiću dijaloga</annotation>
		<annotation cp="🗨">oblačić za govor usmjeren nalijevo</annotation>
		<annotation cp="🗨" type="tts">oblačić za govor usmjeren nalijevo</annotation>
		<annotation cp="🗯">oblačić za ljutiti govor usmjeren desno</annotation>
		<annotation cp="🗯" type="tts">oblačić za ljutiti govor usmjeren desno</annotation>
		<annotation cp="💭">oblačić za misli</annotation>
		<annotation cp="💤">spavanje</annotation>
		<annotation cp="👋">ruka koja maše</annotation>
		<annotation cp="✋">podignuta ruka</annotation>
		<annotation cp="🖖">vulkanski pozdrav</annotation>
		<annotation cp="✌">pobeda | ruka | v | znak pobjede</annotation>
		<annotation cp="✌" type="tts">znak pobjede</annotation>
		<annotation cp="🤞">prekršteni prsti | prekršteno | prst | ruka | sreća</annotation>
		<annotation cp="🤘">metal | prst | rogovi | ruka | znak rogova</annotation>
		<annotation cp="🤙">znak rukom za telefon</annotation>
		<annotation cp="👈">kažiprst koji pokazuje ulijevo</annotation>
		<annotation cp="👈" type="tts">kažiprst koji pokazuje ulijevo</annotation>
		<annotation cp="👉">kažiprst koji pokazuje udesno</annotation>
		<annotation cp="👆">kažiprst koji pokazuje nagore otpozadi | nagore | otpozadi | pokazivanje | prst | ruka</annotation>
		<annotation cp="🖕">srednji prst</annotation>
		<annotation cp="👇">kažiprst koji pokazuje nadolje otpozadi | nadolje | otpozadi | pokazivanje | prst | ruka</annotation>
		<annotation cp="👇" type="tts">kažiprst koji pokazuje nadolje otpozadi</annotation>
		<annotation cp="👍">+1 | nagore | palac | ruka</annotation>
		<annotation cp="👎">-1 | nadolje | palac | ruka</annotation>
		<annotation cp="👎" type="tts">palac nadolje</annotation>
		<annotation cp="👊">ruka | šaka | stisnuto | udarac | usmjerena pesnica</annotation>
		<annotation cp="👊" type="tts">usmjerena pesnica</annotation>
		<annotation cp="🤛">pesnica ulijevo</annotation>
		<annotation cp="🤛" type="tts">pesnica ulijevo</annotation>
		<annotation cp="🙌">bravo | podići | podignute ruke | pokret | ruka | slava</annotation>
		<annotation cp="🤝">rukovanje</annotation>
		<annotation cp="✍">ruka koja piše</annotation>
		<annotation cp="💅">lak za nokte</annotation>
		<annotation cp="🤳">selfi</annotation>
		<annotation cp="💪">stegnuti biceps</annotation>
		<annotation cp="🦿">mehanička noga</annotation>
		<annotation cp="🦿" type="tts">mehanička noga</annotation>
		<annotation cp="🦵">noga | šut | ud</annotation>
		<annotation cp="👂">uvo</annotation>
		<annotation cp="👃">nos</annotation>
		<annotation cp="👁">oko</annotation>
		<annotation cp="👅">jezik</annotation>
		<annotation cp="🧒">dijete | mladost | neodređen rod | rodno neutralno</annotation>
		<annotation cp="🧒" type="tts">dijete</annotation>
		<annotation cp="👦">dječak | mladost</annotation>
		<annotation cp="👦" type="tts">dječak</annotation>
		<annotation cp="👧">djevojčica</annotation>
		<annotation cp="👧" type="tts">djevojčica</annotation>
		<annotation cp="🧑">neodređen rod | odrasla osoba | osoba | rodno neutralno</annotation>
		<annotation cp="👨">muškarac | odrasla osoba</annotation>
		<annotation cp="🧔‍♂" draft="contributed">muškarac: brada</annotation>
		<annotation cp="👩">odrasla osoba | žena</annotation>
		<annotation cp="🧓">neodređen rod | odrasla osoba | rodno neutralno | starija odrasla osoba | starost</annotation>
		<annotation cp="💁">elegantno | informacije | osoba koja daje informacije | pomoć | ruka</annotation>
		<annotation cp="💁‍♂" draft="contributed">muškarac otkriva namjere</annotation>
		<annotation cp="💁‍♂" type="tts" draft="contributed">muškarac otkriva namjere</annotation>
		<annotation cp="💁‍♀" draft="contributed">žena otkriva namjere</annotation>
		<annotation cp="💁‍♀" type="tts" draft="contributed">žena otkriva namjere</annotation>
		<annotation cp="🙋">kretanje | osoba sa podignutom rukom | podići | ruka | sreća | srećna osoba sa podignutom rukom</annotation>
		<annotation cp="🧏">gluva osoba</annotation>
		<annotation cp="🧏‍♂" draft="contributed">gluv čovjek</annotation>
		<annotation cp="🧏‍♂" type="tts" draft="contributed">gluv čovjek</annotation>
		<annotation cp="🤦">čelo | glupost | kajanje | ogorčenje | šaka o čelo</annotation>
		<annotation cp="🤷">slijeganje ramenima</annotation>
		<annotation cp="🤷" type="tts">slijeganje ramenima</annotation>
		<annotation cp="🤷‍♂" draft="contributed">muškarac sliježe ramenima</annotation>
		<annotation cp="🤷‍♂" type="tts" draft="contributed">muškarac sliježe ramenima</annotation>
		<annotation cp="🤷‍♀" draft="contributed">žena sliježe ramenima</annotation>
		<annotation cp="🤷‍♀" type="tts" draft="contributed">žena sliježe ramenima</annotation>
		<annotation cp="🧑‍⚕" draft="contributed">zdravstveni radnik</annotation>
		<annotation cp="👨‍⚕" draft="contributed">muškarac zdravstveni radnik</annotation>
		<annotation cp="👩‍⚕" draft="contributed">zdravstvena radnica</annotation>
		<annotation cp="🧑‍🎓" draft="contributed">student(kinja)</annotation>
		<annotation cp="🧑‍🎓" type="tts" draft="contributed">student(kinja)</annotation>
		<annotation cp="👨‍🏫" draft="contributed">profesor</annotation>
		<annotation cp="👨‍🍳" draft="contributed">muškarac kuvar</annotation>
		<annotation cp="👨‍🔧" draft="contributed">muškarac mehaničar</annotation>
		<annotation cp="🧑‍🎤" draft="contributed">pjevač</annotation>
		<annotation cp="🧑‍🎤" type="tts" draft="contributed">pjevač</annotation>
		<annotation cp="👨‍🎤" draft="contributed">muškarac pjevač</annotation>
		<annotation cp="👨‍🎤" type="tts" draft="contributed">muškarac pjevač</annotation>
		<annotation cp="👩‍🎤" draft="contributed">pjevačica</annotation>
		<annotation cp="👩‍🎤" type="tts" draft="contributed">pjevačica</annotation>
		<annotation cp="🧑‍🎨" draft="contributed">umjetnik</annotation>
		<annotation cp="🧑‍🎨" type="tts" draft="contributed">umjetnik</annotation>
		<annotation cp="👨‍🎨" draft="contributed">muškarac umjetnik</annotation>
		<annotation cp="👨‍🎨" type="tts" draft="contributed">muškarac umjetnik</annotation>
		<annotation cp="👩‍🎨" draft="contributed">umjetnica</annotation>
		<annotation cp="👩‍🎨" type="tts" draft="contributed">umjetnica</annotation>
		<annotation cp="🧑‍✈" draft="contributed">pilot(kinja)</annotation>
		<annotation cp="🧑‍✈" type="tts" draft="contributed">pilot(kinja)</annotation>
		<annotation cp="👨‍🚀" draft="contributed">kosmonaut</annotation>
		<annotation cp="👷">građevinski radnik | radnik | šljem</annotation>
		<annotation cp="👷‍♂" draft="contributed">građevinar</annotation>
		<annotation cp="👷‍♀" draft="contributed">građevinarka</annotation>
		<annotation cp="👳‍♂" draft="contributed">čovjek sa turbanom</annotation>
		<annotation cp="👳‍♂" type="tts" draft="contributed">čovjek sa turbanom</annotation>
		<annotation cp="👲">čovjek sa kineskom kapom | gua pi mao | kapa | kineska kapa | osoba | osoba sa kineskom kapom | šešir</annotation>
		<annotation cp="👲" type="tts">čovjek sa kineskom kapom</annotation>
		<annotation cp="🧕">hidžab | marama | marama za na glavu | tišel | žena sa maramom na glavi</annotation>
		<annotation cp="🤵">čovjek u smokingu</annotation>
		<annotation cp="🤵" type="tts">čovjek u smokingu</annotation>
		<annotation cp="👰">nevjesta sa velom</annotation>
		<annotation cp="👰" type="tts">nevjesta sa velom</annotation>
		<annotation cp="🤱">dojenje</annotation>
		<annotation cp="👨‍🍼" draft="contributed">muškarac hrani bebu</annotation>
		<annotation cp="🎅">bajka | božić | božić bata | djed mraz | Djed Mraz | proslava</annotation>
		<annotation cp="🎅" type="tts">Djed Mraz</annotation>
		<annotation cp="🤶">baka | baka Mraz | božić | mraz | proslava</annotation>
		<annotation cp="🦸">dobro | heroina | heroj | superheroj | supermoć</annotation>
		<annotation cp="🦸" type="tts">superheroj</annotation>
		<annotation cp="🦸‍♂" draft="contributed">muškarac superheroj</annotation>
		<annotation cp="🦸‍♂" type="tts" draft="contributed">muškarac superheroj</annotation>
		<annotation cp="🦸‍♀" draft="contributed">žena superheroj</annotation>
		<annotation cp="🦸‍♀" type="tts" draft="contributed">žena superheroj</annotation>
		<annotation cp="🦹">kriminal | negativac | supermoć | superzločinac | zlo | zločinac</annotation>
		<annotation cp="🦹‍♂" draft="contributed">muškarac negativac</annotation>
		<annotation cp="🦹‍♀" draft="contributed">žena negativac</annotation>
		<annotation cp="🧙">čarobnica | čarobnjak | mag | vještica</annotation>
		<annotation cp="🧙‍♂" draft="contributed">čarobnjak</annotation>
		<annotation cp="🧙‍♀" draft="contributed">čarobnica</annotation>
		<annotation cp="🧟‍♀" draft="contributed">žena zombi</annotation>
		<annotation cp="💆">masaža lica</annotation>
		<annotation cp="💇">frizer | osoba se šiša | salon | šišanje | šišanje kose | uljepšavanje</annotation>
		<annotation cp="💇‍♂" draft="contributed">muško šišanje</annotation>
		<annotation cp="💇‍♀" draft="contributed">žensko šišanje</annotation>
		<annotation cp="🚶">pješak</annotation>
		<annotation cp="🚶" type="tts">pješak</annotation>
		<annotation cp="🧍‍♂" draft="contributed">čovjek stoji</annotation>
		<annotation cp="🧍‍♂" type="tts" draft="contributed">čovjek stoji</annotation>
		<annotation cp="🧑‍🦯" draft="contributed">osoba sa pomoćnim štapom</annotation>
		<annotation cp="👨‍🦯" draft="contributed">čovjek sa pomoćnim štapom</annotation>
		<annotation cp="👨‍🦯" type="tts" draft="contributed">čovjek sa pomoćnim štapom</annotation>
		<annotation cp="👩‍🦯" draft="contributed">žena sa pomoćnim štapom</annotation>
		<annotation cp="👨‍🦼" draft="contributed">čovjek u motornim kolicima</annotation>
		<annotation cp="👨‍🦼" type="tts" draft="contributed">čovjek u motornim kolicima</annotation>
		<annotation cp="👩‍🦼" draft="contributed">žena u motornim kolicima</annotation>
		<annotation cp="👨‍🦽" draft="contributed">čovjek u mehaničkim kolicima</annotation>
		<annotation cp="👨‍🦽" type="tts" draft="contributed">čovjek u mehaničkim kolicima</annotation>
		<annotation cp="👩‍🦽" draft="contributed">žena u mehaničkim kolicima</annotation>
		<annotation cp="🏃‍♂" draft="contributed">muškarac trči</annotation>
		<annotation cp="🏃‍♀" draft="contributed">žena trči</annotation>
		<annotation cp="💃">plesačica</annotation>
		<annotation cp="🕺">plesač</annotation>
		<annotation cp="🕴">muškarac u poslovnom odijelu koji lebdi | odijelo | osoba | osoba u poslovnom odijelu koja lebdi | posao</annotation>
		<annotation cp="🕴" type="tts">muškarac u poslovnom odijelu koji lebdi</annotation>
		<annotation cp="👯">osobe sa zečjim ušima | osobe u provodu | plesačica | zečje uši</annotation>
		<annotation cp="⛷">skijaš</annotation>
		<annotation cp="🏂">vozač snouborda</annotation>
		<annotation cp="🏌‍♂" draft="contributed">golfer</annotation>
		<annotation cp="🏌‍♀" draft="contributed">golferka</annotation>
		<annotation cp="🏄‍♂" draft="contributed">surfer</annotation>
		<annotation cp="🏄‍♀" draft="contributed">surferka</annotation>
		<annotation cp="🚣">čamac | čamac na vesla | osoba vesla</annotation>
		<annotation cp="🚴">bicikl | biciklista | biciklizam | osoba na biciklu</annotation>
		<annotation cp="🤸">gimnastičarska zvezda | gimnastičarska zvijezda | gimnastika | zvijezda</annotation>
		<annotation cp="🤸‍♂" draft="contributed">gimnastičar</annotation>
		<annotation cp="🤸‍♀" draft="contributed">gimnastičarka</annotation>
		<annotation cp="🤼">rvač | rvači | rvanje</annotation>
		<annotation cp="🤽">osoba igra vaterpolo | vaterpolo | voda</annotation>
		<annotation cp="🤾">lopta | osoba igra rukomet | rukomet</annotation>
		<annotation cp="🤹">cirkus | osoba žonglira | ravnoteža | vještina | žongliranje</annotation>
		<annotation cp="🤹‍♂" draft="contributed">žongler</annotation>
		<annotation cp="🤹‍♀" draft="contributed">žonglerka</annotation>
		<annotation cp="💏">poljubac</annotation>
		<annotation cp="💑">par sa srcem</annotation>
		<annotation cp="👤">silueta čovjeka</annotation>
		<annotation cp="👤" type="tts">silueta čovjeka</annotation>
		<annotation cp="👥">siluete ljudi</annotation>
		<annotation cp="👣">odjeća | otisak | otisak stopala | otisci stopala</annotation>
		<annotation cp="🦳">bijela | kosa | sijeda | staro</annotation>
		<annotation cp="🦳" type="tts">sijeda kosa</annotation>
		<annotation cp="🦮">pas vodič | pristup | slijep | vodič</annotation>
		<annotation cp="🐩">pudla</annotation>
		<annotation cp="🦊">lisica</annotation>
		<annotation cp="🐱">lice mačke</annotation>
		<annotation cp="🐈‍⬛" draft="contributed">crna mačka</annotation>
		<annotation cp="🐎">konj</annotation>
		<annotation cp="🦬">bizon</annotation>
		<annotation cp="🐗">vepar</annotation>
		<annotation cp="🦒">pjege | žirafa</annotation>
		<annotation cp="🦣">istrijebljen | kljova | mamut | veliko</annotation>
		<annotation cp="🐹" type="tts">hrčak</annotation>
		<annotation cp="🐿">vjeverica</annotation>
		<annotation cp="🐿" type="tts">vjeverica</annotation>
		<annotation cp="🦇">šišmiš</annotation>
		<annotation cp="🐻">lice | medvjed</annotation>
		<annotation cp="🐻" type="tts">medvjed</annotation>
		<annotation cp="🐻‍❄" draft="contributed">polarni medvjed</annotation>
		<annotation cp="🐻‍❄" type="tts" draft="contributed">polarni medvjed</annotation>
		<annotation cp="🐨">koala | medvjed</annotation>
		<annotation cp="🦥">lijen | ljenjivac | spor</annotation>
		<annotation cp="🦥" type="tts">ljenjivac</annotation>
		<annotation cp="🐓">pijevac | ptica</annotation>
		<annotation cp="🐓" type="tts">pijevac</annotation>
		<annotation cp="🐣">beba | izlijeganje | pile | pile u jajetu | ptica</annotation>
		<annotation cp="🐥">pile sprijeda</annotation>
		<annotation cp="🐥" type="tts">pile sprijeda</annotation>
		<annotation cp="🦤">dodo | istrijebljeno | Mauricijus | veliko</annotation>
		<annotation cp="🐚">spiralna školjka</annotation>
		<annotation cp="🐛">gusjenica | insekt</annotation>
		<annotation cp="🐛" type="tts">gusjenica</annotation>
		<annotation cp="💐">buket | cvijet</annotation>
		<annotation cp="🌸">cvijet | cvijet trešnje | trešnja</annotation>
		<annotation cp="🌸" type="tts">cvijet trešnje</annotation>
		<annotation cp="💮">bijeli cvijet | cvijet</annotation>
		<annotation cp="💮" type="tts">bijeli cvijet</annotation>
		<annotation cp="🌹">ruža</annotation>
		<annotation cp="🥀">cvijet | uveli cvijet | uvelo</annotation>
		<annotation cp="🥀" type="tts">uveli cvijet</annotation>
		<annotation cp="🌺">cvijet | hibiskus</annotation>
		<annotation cp="🌻">cvijet | sunce | suncokret</annotation>
		<annotation cp="🌼">cvijet</annotation>
		<annotation cp="🌼" type="tts">cvijet</annotation>
		<annotation cp="🌷">cvijet | lala</annotation>
		<annotation cp="🪴">beskorisno | biljka | biljka u saksiji | dosadno | kuća | njega | raste</annotation>
		<annotation cp="🌾">klas | riža | snop riže | žitarica</annotation>
		<annotation cp="🌾" type="tts">snop riže</annotation>
		<annotation cp="☘">biljka | djetelina</annotation>
		<annotation cp="☘" type="tts">djetelina</annotation>
		<annotation cp="🍀">4 | četiri | djetelina | djetelina sa četiri lista | list</annotation>
		<annotation cp="🍀" type="tts">djetelina sa četiri lista</annotation>
		<annotation cp="🍃">duvanje | lepršanje | list | list koji leprša na vjetru | vjetar</annotation>
		<annotation cp="🍃" type="tts">list koji leprša na vjetru</annotation>
		<annotation cp="🍒">bobičasto voće | crvena | trešnja | trešnje | voće</annotation>
		<annotation cp="🍓">bobičasto voće | jagoda | voće</annotation>
		<annotation cp="🍅">paradajz | povrće | voće</annotation>
		<annotation cp="🥕">hrana | mrkva | povrće</annotation>
		<annotation cp="🥕" type="tts">mrkva</annotation>
		<annotation cp="🧄">bijeli luk | bijli luk | začin</annotation>
		<annotation cp="🧄" type="tts">bijeli luk</annotation>
		<annotation cp="🍞">hljeb | vekna</annotation>
		<annotation cp="🍞" type="tts">hljeb</annotation>
		<annotation cp="🥐">doručak | francuski | hljeb | hrana | kroasan | pecivo</annotation>
		<annotation cp="🥖">baget | francuski | hljeb | hrana</annotation>
		<annotation cp="🫓">arepa | lavaš | nan | pita hljeb | pljosnat hljeb</annotation>
		<annotation cp="🫓" type="tts">pljosnat hljeb</annotation>
		<annotation cp="🥓">doručak | hrana | meso | slanina</annotation>
		<annotation cp="🥪">hljeb | sendvič</annotation>
		<annotation cp="🥚">doručak | hrana | jaje</annotation>
		<annotation cp="🥘">hrana | paelja | plitko | šerpa | tiganj | tiganj hrane</annotation>
		<annotation cp="🧈">mliječni proizvodi | puter</annotation>
		<annotation cp="🍘">kreker | kreker od riže | riža</annotation>
		<annotation cp="🍘" type="tts">kreker od riže</annotation>
		<annotation cp="🍙">japanska | kuglica | kuglica od riže | riža</annotation>
		<annotation cp="🍙" type="tts">kuglica od riže</annotation>
		<annotation cp="🍚">kuvana | riža</annotation>
		<annotation cp="🍚" type="tts">kuvana riža</annotation>
		<annotation cp="🍛">kari | riža | riža sa karijem</annotation>
		<annotation cp="🍛" type="tts">riža sa karijem</annotation>
		<annotation cp="🍝">špagete | tjestenine</annotation>
		<annotation cp="🍢">kebab | morski plodovi | oden | ražnjić | štapić</annotation>
		<annotation cp="🍥">kolač | riba | riblja pljeskavica sa spiralom | spirala | tijesto</annotation>
		<annotation cp="🥮">festival | jesen | mjesečev kolač</annotation>
		<annotation cp="🥮" type="tts">mjesečev kolač</annotation>
		<annotation cp="🥟">đao zi | empanada | gjoza | kiflice | knedla | piroge</annotation>
		<annotation cp="🦞">bisk | jastog | kliješta | morski plodovi</annotation>
		<annotation cp="🦐">hrana | mali | račić | rak</annotation>
		<annotation cp="🎂">desert | proslava | rođendan | rođendanska torta | slatko | tijesto | torta</annotation>
		<annotation cp="🍰">desert | kolač | parče | parče torte | slatko | tijesto | torta</annotation>
		<annotation cp="🍼">beba | bočica | flašica za bebe | mlijeko | piti</annotation>
		<annotation cp="🥛">čaša | čaša mlijeka | mlijeko | piće</annotation>
		<annotation cp="🥛" type="tts">čaša mlijeka</annotation>
		<annotation cp="🍾">bar | boca | boca iz koje izlijeće čep | čep | piće | šampanjac</annotation>
		<annotation cp="🍾" type="tts">boca iz koje izlijeće čep</annotation>
		<annotation cp="🥂">čaše | čaše nazdravljaju | piće | slavlje | živjeli</annotation>
		<annotation cp="🧋">bobice | čaj | čaj sa bobicama | mlijeko</annotation>
		<annotation cp="🧃">piće | piće u tetrapaku | slamčica | slatko | sok | tetrapak</annotation>
		<annotation cp="🧊">hladno | kocka leda | led | ledeni brijeg</annotation>
		<annotation cp="🌍">Afrika | Evropa | globus | globus sa Evropom i Afrikom | svijet | Zemlja</annotation>
		<annotation cp="🌎">Amerike | globus | globus sa Amerikama | globus sa Amerikom | svijet | Zemlja</annotation>
		<annotation cp="🌏">Australija | Azija | globus | globus sa Azijom i Australijom | svijet | Zemlja</annotation>
		<annotation cp="🌐">globus | globus sa meridijanima | meridijani | svijet | zemlja</annotation>
		<annotation cp="🗺">mapa | mapa svijeta | svijet</annotation>
		<annotation cp="🗺" type="tts">mapa svijeta</annotation>
		<annotation cp="🏔">snježni vrh planine</annotation>
		<annotation cp="🏔" type="tts">snježni vrh planine</annotation>
		<annotation cp="🏝">pusto ostrvo</annotation>
		<annotation cp="🪨">čvrsto | gromada | kamen | stijena | teško</annotation>
		<annotation cp="🪵">cjepanica | deblo | drvo | panj</annotation>
		<annotation cp="🏥">bolnica | ljekar | medicina</annotation>
		<annotation cp="🏪">prodavnica | prodavnica mješovite robe</annotation>
		<annotation cp="🏪" type="tts">prodavnica mješovite robe</annotation>
		<annotation cp="💒">kapela | romantika | vjenčanje</annotation>
		<annotation cp="💒" type="tts">vjenčanje</annotation>
		<annotation cp="🌃">noć | zvijezde | zvjezdana noć</annotation>
		<annotation cp="🌃" type="tts">zvjezdana noć</annotation>
		<annotation cp="🚂">lokomotiva | mašina | para | voz | željeznica</annotation>
		<annotation cp="🚃">električi | tramvaj | trolejbus | vagon | voz | vozilo | željeznica</annotation>
		<annotation cp="🚄">brzi voz</annotation>
		<annotation cp="🚅">brzi voz | brzi voz sa zaobljenim vrhom | brzina | šinkansen | voz | željeznica</annotation>
		<annotation cp="🚆">voz | željeznica</annotation>
		<annotation cp="🚇">metro | podzemna željeznica</annotation>
		<annotation cp="🚈">gradska željeznica | željeznica</annotation>
		<annotation cp="🚈" type="tts">gradska željeznica</annotation>
		<annotation cp="🚉">stanica | voz | željeznica</annotation>
		<annotation cp="🚞">planina | planinska željeznica | vozilo | željeznica</annotation>
		<annotation cp="🚞" type="tts">planinska željeznica</annotation>
		<annotation cp="🚍">autobus | autobus sprijeda | dolazak</annotation>
		<annotation cp="🚍" type="tts">autobus sprijeda</annotation>
		<annotation cp="🚔">automobil | dolazak | policija | policijski automobil sprijeda</annotation>
		<annotation cp="🚔" type="tts">policijski automobil sprijeda</annotation>
		<annotation cp="🚘">automobil | automobil sprijeda | dolazak | vozilo</annotation>
		<annotation cp="🚘" type="tts">automobil sprijeda</annotation>
		<annotation cp="🛺">auto-rikša | tuk tuk</annotation>
		<annotation cp="🛺" type="tts">auto-rikša</annotation>
		<annotation cp="🛣">auto-put | put</annotation>
		<annotation cp="🛣" type="tts">auto-put</annotation>
		<annotation cp="🛤">voz | željeznica | željeznička pruga</annotation>
		<annotation cp="🛤" type="tts">željeznička pruga</annotation>
		<annotation cp="⛽">benzin | dizel | gorivo | pumpa | pumpa za gorivo | stanica</annotation>
		<annotation cp="🚨">policija | policijska rotacija | rotaciono | svjetlo | vozilo</annotation>
		<annotation cp="🚥">horizontalni semafor | saobraćaj | signalizacija | svjetlo</annotation>
		<annotation cp="🚦">saobraćaj | signalizacija | svjetlo | vertikalni semafor</annotation>
		<annotation cp="⛴">čamac | putnik | trajekt</annotation>
		<annotation cp="🚢">brod | putnik | vozilo</annotation>
		<annotation cp="🛫">avion | odlazak | polijetanje | polijetanje aviona | prijava</annotation>
		<annotation cp="🛫" type="tts">polijetanje aviona</annotation>
		<annotation cp="🛬">avion | dolazak | slijetanje | slijetanje aviona</annotation>
		<annotation cp="🛬" type="tts">slijetanje aviona</annotation>
		<annotation cp="💺">fotelja | sjedište</annotation>
		<annotation cp="💺" type="tts">sjedište</annotation>
		<annotation cp="🚟">viseća | željeznica</annotation>
		<annotation cp="🚟" type="tts">viseća željeznica</annotation>
		<annotation cp="⌛">pijesak | pješčani sat | vrijeme</annotation>
		<annotation cp="⌛" type="tts">pješčani sat</annotation>
		<annotation cp="⏳">pijesak | pješčani sat sa pijeskom koji teče | vrijeme</annotation>
		<annotation cp="⏳" type="tts">pješčani sat sa pijeskom koji teče</annotation>
		<annotation cp="🕑">00 | 2 | 2:00 | dva | dva sata | sat</annotation>
		<annotation cp="🕖">00 | 7 | 7:00 | sat | sedam | sedam sati</annotation>
		<annotation cp="🕢">7 | 7:30 | pola osam | sat | sedam | trideset</annotation>
		<annotation cp="🌑">mjesec | mlad mjesec | mrak</annotation>
		<annotation cp="🌑" type="tts">mlad mjesec</annotation>
		<annotation cp="🌒">mjesec | mjesečev srp u porastu | polumjesec</annotation>
		<annotation cp="🌒" type="tts">mjesečev srp u porastu</annotation>
		<annotation cp="🌓">četvrt | mjesec | mjesec u prvoj četvrti</annotation>
		<annotation cp="🌓" type="tts">mjesec u prvoj četvrti</annotation>
		<annotation cp="🌔">mjesec | rast | skoro pa pun mjesec</annotation>
		<annotation cp="🌔" type="tts">skoro pa pun mjesec</annotation>
		<annotation cp="🌕">mjesec | pun</annotation>
		<annotation cp="🌕" type="tts">pun mjesec</annotation>
		<annotation cp="🌖">mjesec | mjesec poslije punog mjeseca | opadanje</annotation>
		<annotation cp="🌖" type="tts">mjesec poslije punog mjeseca</annotation>
		<annotation cp="🌗">četvrt | mjesec | mjesec u poslednjoj četvrti | mjesec u posljednjoj četvrti</annotation>
		<annotation cp="🌗" type="tts">mjesec u posljednjoj četvrti</annotation>
		<annotation cp="🌘">mjesec | mjesečev srp u opadanju | opadanje | polumjesec</annotation>
		<annotation cp="🌘" type="tts">mjesečev srp u opadanju</annotation>
		<annotation cp="🌙">mjesec | mjesečev srp | polumjesec</annotation>
		<annotation cp="🌙" type="tts">mjesečev srp</annotation>
		<annotation cp="🌚">lice | mjesec | mlad mjesec sa licem</annotation>
		<annotation cp="🌚" type="tts">mlad mjesec sa licem</annotation>
		<annotation cp="🌛">četvrt | lice | mjesec | mjesec u prvoj četvrti sa licem</annotation>
		<annotation cp="🌛" type="tts">mjesec u prvoj četvrti sa licem</annotation>
		<annotation cp="🌜">četvrt | lice | mjesec | mjesec u poslednjoj četvrti sa licem | mjesec u posljednjoj četvrti sa licem</annotation>
		<annotation cp="🌜" type="tts">mjesec u posljednjoj četvrti sa licem</annotation>
		<annotation cp="🌡">termometar | vrijeme</annotation>
		<annotation cp="🌝">lice | mjesec | pun | pun mjesec sa licem | vedro</annotation>
		<annotation cp="🌝" type="tts">pun mjesec sa licem</annotation>
		<annotation cp="⭐">zvijezda</annotation>
		<annotation cp="⭐" type="tts">zvijezda</annotation>
		<annotation cp="🌟">blistavo | iskre | sjaj | sjajno | zvijezda | zvijezda koja svijetli</annotation>
		<annotation cp="🌟" type="tts">zvijezda koja svijetli</annotation>
		<annotation cp="🌠">padanje | zvijezda | zvijezda padalica</annotation>
		<annotation cp="🌠" type="tts">zvijezda padalica</annotation>
		<annotation cp="🌌">mliječni put | svemir</annotation>
		<annotation cp="🌌" type="tts">mliječni put</annotation>
		<annotation cp="☁">oblak | vrijeme</annotation>
		<annotation cp="🌨">hladno | oblak | oblak sa snijegom | snijeg</annotation>
		<annotation cp="🌨" type="tts">oblak sa snijegom</annotation>
		<annotation cp="🌬">duvanje | lice | lice vjetra | oblak | vjetar</annotation>
		<annotation cp="🌬" type="tts">lice vjetra</annotation>
		<annotation cp="🌂">kiša | kišobran | odjeća | zatvoreni kišobran</annotation>
		<annotation cp="☂">kiša | kišobran | odjeća</annotation>
		<annotation cp="☔">kap | kiša | kišobran | kišobran sa kapima kiše | odjeća</annotation>
		<annotation cp="❄">hladno | pahulja | snijeg</annotation>
		<annotation cp="☃">hladno | snijeg | snješko bijelić</annotation>
		<annotation cp="☃" type="tts">snješko bijelić</annotation>
		<annotation cp="⛄">hladno | snijeg | snješko bijelić | snješko bijelić bez snijega</annotation>
		<annotation cp="⛄" type="tts">snješko bijelić bez snijega</annotation>
		<annotation cp="🎃">noć vještica | proslava | svjetiljka | svjetiljka od bundeve | tikva</annotation>
		<annotation cp="🎃" type="tts">svjetiljka od bundeve</annotation>
		<annotation cp="✨">iskra | iskre | zvijezda</annotation>
		<annotation cp="🎉">konfete | konfete u tubi | kugla | proslava</annotation>
		<annotation cp="🎏">proslava | riba | vjetrokaz u obliku šarana</annotation>
		<annotation cp="🎏" type="tts">vjetrokaz u obliku šarana</annotation>
		<annotation cp="🎐">eolska zvona | proslava | vjetar | zvonjenje | zvono</annotation>
		<annotation cp="🎑">ceremonija u čast mjeseca | mjesec | proslava | svečanost</annotation>
		<annotation cp="🎑" type="tts">ceremonija u čast mjeseca</annotation>
		<annotation cp="🎗">podsjetnik | proslava | spomen-traka | traka</annotation>
		<annotation cp="🥋">borilačke vještine | borilački kimono | džudo | karate | tekvondo | uniforma</annotation>
		<annotation cp="🎿">skijanje | skije | snijeg</annotation>
		<annotation cp="🪁">jedrenje | letenje | zmaj na vjetar</annotation>
		<annotation cp="🪁" type="tts">zmaj na vjetar</annotation>
		<annotation cp="🪄">čarobni štapić | čarobnjak | magija | vještica</annotation>
		<annotation cp="🧩">dio | dio slagalice | slagalica | uklapanje</annotation>
		<annotation cp="🧩" type="tts">dio slagalice</annotation>
		<annotation cp="🧸">igračka | medvjedić | plišana | punjena</annotation>
		<annotation cp="🧸" type="tts">medvjedić</annotation>
		<annotation cp="♟">pion | potrošan | šah | šahovski pješak</annotation>
		<annotation cp="♟" type="tts">šahovski pješak</annotation>
		<annotation cp="🎴">cvijeće | igra | japan | kartanje | karte | karte za igranje sa cvijetom</annotation>
		<annotation cp="🎴" type="tts">karte za igranje sa cvijetom</annotation>
		<annotation cp="🎭">maska | pozorište | scena | scenska umjetnost | umjetnost</annotation>
		<annotation cp="🎭" type="tts">scenska umjetnost</annotation>
		<annotation cp="🖼">muzej | ram | ram sa slikom | slika | slikarstvo | umjetnost</annotation>
		<annotation cp="🎨">muzej | paleta | slikarska paleta | slikarstvo | umjetnost</annotation>
		<annotation cp="👓">naočari | odjeća | oko</annotation>
		<annotation cp="🥼">bijeli mantil | doktor | eksperiment | naučnik</annotation>
		<annotation cp="🥼" type="tts">bijeli mantil</annotation>
		<annotation cp="🦺">bezbjednost | hitan slučaj | prsluk za spasavanje</annotation>
		<annotation cp="👔">kravata | odjeća</annotation>
		<annotation cp="👕">majica | odjeća</annotation>
		<annotation cp="👖">farmerke | odjeća | pantalone</annotation>
		<annotation cp="👗">haljina | odjeća</annotation>
		<annotation cp="👘">kimono | odjeća</annotation>
		<annotation cp="🥻">haljina | odjeća | sari</annotation>
		<annotation cp="🩱">jednodijelni kupaći | kupaći kostim</annotation>
		<annotation cp="🩱" type="tts">jednodijelni kupaći</annotation>
		<annotation cp="👙">bikini | odjeća | plivanje</annotation>
		<annotation cp="👚">odjeća | žena | ženska odjeća</annotation>
		<annotation cp="👚" type="tts">ženska odjeća</annotation>
		<annotation cp="👛">odjeća | sitnina | tašnica</annotation>
		<annotation cp="👜">odjeća | tašna | torba</annotation>
		<annotation cp="👝">neseser | odjeća | torba</annotation>
		<annotation cp="👞">cipela | muška cipela | muškarac | odjeća</annotation>
		<annotation cp="👟">atletski | cipela | odjeća | patika | patike za trčanje</annotation>
		<annotation cp="👠">cipela | cipela sa štiklom | odjeća | štikla | žena</annotation>
		<annotation cp="👡">cipela | odjeća | sandala | žena | ženska sandala</annotation>
		<annotation cp="👑">kralj | kraljica | kruna | odjeća</annotation>
		<annotation cp="👒">odjeća | šešir | žene | ženski šešir</annotation>
		<annotation cp="🎩">cilindar | odjeća | šešir</annotation>
		<annotation cp="🎓">kapa | kapa za diplomce | matura | odjeća | proslava | šešir</annotation>
		<annotation cp="🪖">ratnik | šljem | vojnik | vojska</annotation>
		<annotation cp="🪖" type="tts">šljem</annotation>
		<annotation cp="⛑">kaciga | kaciga sa bijelim krstom | krst | lice | pomoć | šljem</annotation>
		<annotation cp="⛑" type="tts">kaciga sa bijelim krstom</annotation>
		<annotation cp="📿">brojanica | molitva | odjeća | ogrlica | perle | religija</annotation>
		<annotation cp="💍">prsten</annotation>
		<annotation cp="💎">dragulj</annotation>
		<annotation cp="🔍">alat | lupa | lupa usmjerena nalijevo | staklo | traženje</annotation>
		<annotation cp="🔍" type="tts">lupa usmjerena nalijevo</annotation>
		<annotation cp="🔎">alat | lupa | lupa usmjerena nadesno | staklo | traženje</annotation>
		<annotation cp="🔎" type="tts">lupa usmjerena nadesno</annotation>
		<annotation cp="🕯">svijeća | svjetlo</annotation>
		<annotation cp="🕯" type="tts">svijeća</annotation>
		<annotation cp="💡">ideja | sijalica | struja | svjetlo</annotation>
		<annotation cp="🔦">alat | baterijska lampa | lampa | struja | svjetlo</annotation>
		<annotation cp="🏮">bar | crvena | lampion | lampion od crvenog papira | svjetlo</annotation>
		<annotation cp="📒">bilježnica | sveska</annotation>
		<annotation cp="📒" type="tts">bilježnica</annotation>
		<annotation cp="📰">novine | papir | vijesti</annotation>
		<annotation cp="🗞">novine | papir | umotane novine | umotano | vijesti</annotation>
		<annotation cp="📑">kartice | obilježivač | obilježivač stranica u knjizi | oznaka | stranice sa bilješkama</annotation>
		<annotation cp="📑" type="tts">stranice sa bilješkama</annotation>
		<annotation cp="🔖">obilježivač stranica u knjizi | oznaka</annotation>
		<annotation cp="🔖" type="tts">obilježivač stranica u knjizi</annotation>
		<annotation cp="🗂">indeks | kartica | razdjelnici | razdjelnici za katalog kartica</annotation>
		<annotation cp="🗂" type="tts">razdjelnici za katalog kartica</annotation>
		<annotation cp="🗒">bilješka | bilježnica sa spiralom | blok | spirala</annotation>
		<annotation cp="🗒" type="tts">bilježnica sa spiralom</annotation>
		<annotation cp="✂">alat | makaze | sječenje</annotation>
		<annotation cp="🔐">bezbjedno | katanac | ključ | zatvoren katanac sa ključem | zatvoreno</annotation>
		<annotation cp="🪓">drvo | sekira | sjeći | sjekira</annotation>
		<annotation cp="🪓" type="tts">sjekira</annotation>
		<annotation cp="🪃">australija | bumerang | posljedice | vraćanje</annotation>
		<annotation cp="🏹">luk | luk i strijela | strijela | strijelac | zodijak</annotation>
		<annotation cp="🏹" type="tts">luk i strijela</annotation>
		<annotation cp="🦯">bijeli štap | dostupnost | slijep</annotation>
		<annotation cp="🦯" type="tts">bijeli štap</annotation>
		<annotation cp="💉">bolest | igla | injekcija | lijek | špric</annotation>
		<annotation cp="🩸">davanje krvi | kap krvi | krvarenje | lijek | menstruacija | povreda</annotation>
		<annotation cp="💊">bolest | ljekar | medicina | pilula</annotation>
		<annotation cp="🩺">ljekar | medicina | srce | stetoskop</annotation>
		<annotation cp="🪟">okvir | otvor | pogled | providno | prozor | svjež vazduh</annotation>
		<annotation cp="🪑">mjesto | sjedište | stolica</annotation>
		<annotation cp="🪤">mamac | mišolovka | namještaljka | zamka</annotation>
		<annotation cp="🧹">brisanje | čišćenje | metla | vještica</annotation>
		<annotation cp="♿">pristup | simbol za invalidska kolica</annotation>
		<annotation cp="♿" type="tts">simbol za invalidska kolica</annotation>
		<annotation cp="🚸">dijete | pješak | prelaz | prelaz za djecu | saobraćaj</annotation>
		<annotation cp="🚸" type="tts">prelaz za djecu</annotation>
		<annotation cp="🚷">ne | nema | pješak | zabranjeno | zabranjeno za pješake</annotation>
		<annotation cp="🚷" type="tts">zabranjeno za pješake</annotation>
		<annotation cp="🔞">18 | maloljetnici | ograničenje prema uzrastu | osamnaest | zabranjeno | zabranjeno za maloljetne</annotation>
		<annotation cp="🔞" type="tts">zabranjeno za maloljetne</annotation>
		<annotation cp="↗">sjeveroistok | smjer | strelica | strelica nagore i nadesno</annotation>
		<annotation cp="➡">istok | smjer | strelica | strelica nadesno</annotation>
		<annotation cp="↘">jugoistok | smjer | strelica | strelica nadolje i nadesno</annotation>
		<annotation cp="↘" type="tts">strelica nadolje i nadesno</annotation>
		<annotation cp="⬇">jug | smjer | strelica | strelica nadolje</annotation>
		<annotation cp="⬇" type="tts">strelica nadolje</annotation>
		<annotation cp="↙">jugozapad | smjer | strelica | strelica nadolje i nalijevo</annotation>
		<annotation cp="↙" type="tts">strelica nadolje i nalijevo</annotation>
		<annotation cp="⬅">smjer | strelica | strelica nalijevo | zapad</annotation>
		<annotation cp="⬅" type="tts">strelica nalijevo</annotation>
		<annotation cp="↖">sjeverozapad | smjer | strelica | strelica nagore i nalijevo</annotation>
		<annotation cp="↖" type="tts">strelica nagore i nalijevo</annotation>
		<annotation cp="↕">strelica | strelica nagore i nadolje</annotation>
		<annotation cp="↕" type="tts">strelica nagore i nadolje</annotation>
		<annotation cp="↔">strelica | strelica nalijevo i nadesno</annotation>
		<annotation cp="↔" type="tts">strelica nalijevo i nadesno</annotation>
		<annotation cp="↮">strelica sa vrhom nadesno i nalijevo i sa kosom crtom</annotation>
		<annotation cp="↮" type="tts">strelica sa vrhom nadesno i nalijevo i sa kosom crtom</annotation>
		<annotation cp="↪">strelica | strelica za polukružni okret ulijevo</annotation>
		<annotation cp="↪" type="tts">strelica za polukružni okret ulijevo</annotation>
		<annotation cp="⤵">strelica | strelica koja skreće nadolje</annotation>
		<annotation cp="⤵" type="tts">strelica koja skreće nadolje</annotation>
		<annotation cp="🔃">ponovno učitavanje | smjer kazaljke na satu | strelica | strelice koje se vrte udesno</annotation>
		<annotation cp="🔄">strelica | strelice koje se vrte ulijevo | suprotno od kazaljke na satu</annotation>
		<annotation cp="🔄" type="tts">strelice koje se vrte ulijevo</annotation>
		<annotation cp="🛐">religija | svetilište | vjerski objekat</annotation>
		<annotation cp="🛐" type="tts">vjerski objekat</annotation>
		<annotation cp="✡">david | davidova zvijezda | jevreji | judaizam | religija | zvezda</annotation>
		<annotation cp="✡" type="tts">davidova zvijezda</annotation>
		<annotation cp="☪">islam | muslimani | religija | zvijezda i polumjesec</annotation>
		<annotation cp="☪" type="tts">zvijezda i polumjesec</annotation>
		<annotation cp="🕎">menora | religija | svijeća | svijećnjak</annotation>
		<annotation cp="🔯">šestokraka zvijezda sa tačkom | sreća | zvijezda</annotation>
		<annotation cp="🔯" type="tts">šestokraka zvijezda sa tačkom</annotation>
		<annotation cp="♍">djevica | djevica u horoskopu | zodijak</annotation>
		<annotation cp="♍" type="tts">djevica u horoskopu</annotation>
		<annotation cp="♐">odijak | strijelac | strijelac u horoskopu</annotation>
		<annotation cp="♐" type="tts">strijelac u horoskopu</annotation>
		<annotation cp="🔂">dugme za ponavljanje jedne pjesme | jednom | strelice | udesno</annotation>
		<annotation cp="🔂" type="tts">dugme za ponavljanje jedne pjesme</annotation>
		<annotation cp="⏩">dugme za premotavanje unaprijed | dvostruko | premotavanje | strelica | unaprijed</annotation>
		<annotation cp="⏩" type="tts">dugme za premotavanje unaprijed</annotation>
		<annotation cp="⏭">dugme za sljedeću pjesmu | sljedeća pjesma | sljedeći prizor | strelica | trougao</annotation>
		<annotation cp="⏭" type="tts">dugme za sljedeću pjesmu</annotation>
		<annotation cp="◀">dugme za reprodukciju unazad | lijevo | strelica | trougao | vraćanje</annotation>
		<annotation cp="⏮">dugme za posljednju pjesmu | prethodna pjesma | prethodni prizor | strelica | trougao</annotation>
		<annotation cp="⏮" type="tts">dugme za posljednju pjesmu</annotation>
		<annotation cp="🔽">crveno | dolje | dugme | dugme za kretanje nadolje | strelica</annotation>
		<annotation cp="🔽" type="tts">dugme za kretanje nadolje</annotation>
		<annotation cp="⏬">dolje | dugme za brzo kretanje nadolje | dvostruko brzo | strelica</annotation>
		<annotation cp="⏬" type="tts">dugme za brzo kretanje nadolje</annotation>
		<annotation cp="🔅">dugme za zatamnjivanje | osvijetljenost | slabo | tamno</annotation>
		<annotation cp="🔆">dugme za povećavanje osvijetljenosti | osvijetljenost | svjetlo</annotation>
		<annotation cp="🔆" type="tts">dugme za povećavanje osvijetljenosti</annotation>
		<annotation cp="➗">÷ | crni znak za dijeljenje | dijeli | dijeljenje | matematika | znak</annotation>
		<annotation cp="➗" type="tts">crni znak za dijeljenje</annotation>
		<annotation cp="♾">beskonačnost | bezgranično | univerzalno | vječno</annotation>
		<annotation cp="❔">bijeli upitnik | interpunkcija | obris | pitanje | znak</annotation>
		<annotation cp="❔" type="tts">bijeli upitnik</annotation>
		<annotation cp="❕">bijeli uzvičnik | interpunkcija | obris | uzvičnik | znak</annotation>
		<annotation cp="❕" type="tts">bijeli uzvičnik</annotation>
		<annotation cp="💱">konverzija valuta</annotation>
		<annotation cp="🔰">japanski simbol za početnika</annotation>
		<annotation cp="〽">znak za razdvajanje dijelova</annotation>
		<annotation cp="〽" type="tts">znak za razdvajanje dijelova</annotation>
		<annotation cp="✳">osmokraka zvijezda</annotation>
		<annotation cp="✳" type="tts">osmokraka zvijezda</annotation>
		<annotation cp="✴">osmokraka zvjezdica</annotation>
		<annotation cp="✴" type="tts">osmokraka zvjezdica</annotation>
		<annotation cp="🈁">“ovdje” | japanski | japansko dugme “ovdje” | katakana | katakana koko u kvadratu | ココ</annotation>
		<annotation cp="🈷">„mjesečna količina“ | ideograf | ideograf „mjesec“ u kvadratu | japanski | japansko dugme „mjesečna količina“ | 月</annotation>
		<annotation cp="🈷" type="tts">ideograf „mjesec“ u kvadratu</annotation>
		<annotation cp="🈶">„nije besplatno“ | ideograf | japanski | japansko dugme „nije besplatno“ | 有</annotation>
		<annotation cp="🈶" type="tts">japansko dugme „nije besplatno“</annotation>
		<annotation cp="🉐">„bagatela“ | ideograf | japanski | japansko dugme „bagatela“ | 得</annotation>
		<annotation cp="🉐" type="tts">japansko dugme „bagatela“</annotation>
		<annotation cp="🈹">„sniženje“ | ideograf | japanski | japansko dugme „sniženje“ | 割</annotation>
		<annotation cp="🈹" type="tts">japansko dugme „sniženje“</annotation>
		<annotation cp="🈚">„besplatno“ | ideograf | japanski | japansko dugme „besplatno“ | 無</annotation>
		<annotation cp="🈚" type="tts">japansko dugme „besplatno“</annotation>
		<annotation cp="🈲">„zabranjeno“ | ideograf | japanski | japansko dugme „zabranjeno“ | 禁</annotation>
		<annotation cp="🈲" type="tts">japansko dugme „zabranjeno“</annotation>
		<annotation cp="🉑">„prihvatljivo“ | ideograf | japanski | japansko dugme „prihvatljivo“ | 可</annotation>
		<annotation cp="🉑" type="tts">japansko dugme „prihvatljivo“</annotation>
		<annotation cp="🈸">„primjena“ | ideograf | japanski | japansko dugme „primjena“ | 申</annotation>
		<annotation cp="🈸" type="tts">japansko dugme „primjena“</annotation>
		<annotation cp="🈴">„prelazna ocjena“ | ideograf | japanski | japansko dugme „prelazna ocena“ | japansko dugme „prelazna ocjena“ | 合</annotation>
		<annotation cp="🈴" type="tts">japansko dugme „prelazna ocena“</annotation>
		<annotation cp="🈳">„prazno“ | ideograf | japanski | japansko dugme „prazno“ | 空</annotation>
		<annotation cp="🈳" type="tts">japansko dugme „prazno“</annotation>
		<annotation cp="㊗">„čestitke“ | ideograf | japanski | japansko dugme „čestitke“ | 祝</annotation>
		<annotation cp="㊗" type="tts">japansko dugme „čestitke“</annotation>
		<annotation cp="㊙">„tajna“ | ideograf | japanski | japansko dugme „tajna“ | 秘</annotation>
		<annotation cp="㊙" type="tts">japansko dugme „tajna“</annotation>
		<annotation cp="🈺">„otvoreno“ | ideograf | japanski | japansko dugme „otvoreno“ | 営</annotation>
		<annotation cp="🈺" type="tts">japansko dugme „otvoreno“</annotation>
		<annotation cp="🈵">„nema mjesta“ | ideograf | japanski | japansko dugme „nema mjesta“ | 満</annotation>
		<annotation cp="🈵" type="tts">japansko dugme „nema mjesta“</annotation>
		<annotation cp="⚪">bijeli krug | geometrija | krug</annotation>
		<annotation cp="⚪" type="tts">bijeli krug</annotation>
		<annotation cp="⬜">geometrija | kvadrat | veliki bijeli kvadrat</annotation>
		<annotation cp="⬜" type="tts">veliki bijeli kvadrat</annotation>
		<annotation cp="◻">bijeli kvadrat srednje veličine | geometrija | kvadrat</annotation>
		<annotation cp="◻" type="tts">bijeli kvadrat srednje veličine</annotation>
		<annotation cp="◽">geometrija | kvadrat | srednjemali bijeli kvadrat</annotation>
		<annotation cp="◽" type="tts">srednjemali bijeli kvadrat</annotation>
		<annotation cp="▫">geometrija | kvadrat | mali bijeli kvadrat</annotation>
		<annotation cp="▫" type="tts">mali bijeli kvadrat</annotation>
		<annotation cp="🔻">crveni trougao okrenut nadolje | crveno | geometrija | nadolje</annotation>
		<annotation cp="🔻" type="tts">crveni trougao okrenut nadolje</annotation>
		<annotation cp="🔳">bijelo kvadratno dugme | dugme | geometrija | kvadratno | obris</annotation>
		<annotation cp="🔳" type="tts">bijelo kvadratno dugme</annotation>
		<annotation cp="🏳">bijela zastava | vijorenje</annotation>
		<annotation cp="🏳" type="tts">bijela zastava</annotation>
		<annotation cp="🏳‍🌈" draft="contributed">dugina zastava</annotation>
		<annotation cp="🏳‍⚧" draft="contributed">transrodna zastava</annotation>
		<annotation cp="🏳‍⚧" type="tts" draft="contributed">transrodna zastava</annotation>
		<annotation cp="₣">franak | francuski franak | valuta</annotation>
		<annotation cp="₤">lira | valuta</annotation>
		<annotation cp="₩">KPW | sjevernokorejski von | von</annotation>
		<annotation cp="₰">njemački peni | pfenig | valuta</annotation>
		<annotation cp="₰" type="tts">njemački peni</annotation>
		<annotation cp="₷">spesmilo | valuta</annotation>
		<annotation cp="₨">rupija | valuta</annotation>
		<annotation cp="﷼">rijal | valuta</annotation>
		<annotation cp="µ">mjera | znak za mikro</annotation>
	</annotations>
</ldml>
