<?xml version="1.0" encoding="UTF-8" ?>
<!DOCTYPE ldml SYSTEM "../../common/dtd/ldml.dtd">
<!-- Copyright © 1991-2022 Unicode, Inc.
For terms of use, see http://www.unicode.org/copyright.html
SPDX-License-Identifier: Unicode-DFS-2016
CLDR data files are interpreted according to the LDML specification (http://unicode.org/reports/tr35/)
-->
<ldml>
	<identity>
		<version number="$Revision$"/>
		<language type="sw"/>
		<territory type="KE"/>
	</identity>
	<annotations>
		<annotation cp="😎">hali ya hewa | inayong’aa | jua | miwani ya jua | tabasamu | uso unaotabasamu uliovaa miwani | vali la macho</annotation>
		<annotation cp="💗">furahia | kukua | moyo | moyo uanokua | moyo unaokua | mpaigo ya moyo | wasiwasi</annotation>
		<annotation cp="💗" type="tts">moyo unaokua</annotation>
		<annotation cp="👊">konde | kunja ngumi | mkono | mwili | ngumi | ngumi iliyonyooshewa</annotation>
		<annotation cp="👊" type="tts">ngumi iliyonyooshewa</annotation>
		<annotation cp="🤦‍♀">ishara | kutoamini | mwanamke anayeashiria kutoamini | mwanamke anayueashiria kutoamini</annotation>
		<annotation cp="🤦‍♀" type="tts">mwanamke anayeashiria kutoamini</annotation>
		<annotation cp="👨‍🎓">fuzu | hitimu | kofia | mahafali | mwanafunzi na kofia ya kufuzu</annotation>
		<annotation cp="👩‍🎓">fuzu | hitimu | kofia | mahafali | mwanafunzi wa kike na kofia ya kufuzu</annotation>
		<annotation cp="👮">afisa | afisa wa polisi | polisi</annotation>
		<annotation cp="👮" type="tts">afisa wa polisi</annotation>
		<annotation cp="🤰">mjamzito | mwanamke</annotation>
		<annotation cp="🏋‍♂">mbeba vyuma | mwanamume anayebeba vyuma vizito | uzani | uzito</annotation>
		<annotation cp="🏋‍♀">mbeba vyuma | mwanamke anayebeba vyuma vizito | uzani | uzito</annotation>
		<annotation cp="🤹">mtu anayecheza mipira mingi | shughuli nyingi</annotation>
		<annotation cp="🤹" type="tts">mtu anayecheza mipira mingi</annotation>
		<annotation cp="🗣">kichwa | kichwa kinachozungumza | kivuli | kuzungumza | uso | zungumza</annotation>
		<annotation cp="🗣" type="tts">kichwa kinachozungumza</annotation>
		<annotation cp="🦙">alpaca | guanaco | lama | sufu | vicuña</annotation>
		<annotation cp="🦙" type="tts">lama</annotation>
		<annotation cp="🍅">mboga | mmea | nyanya</annotation>
		<annotation cp="🍆">biringanya | mboga | mmea</annotation>
		<annotation cp="🍜">bakuli | bakuli lenye tambi | kupika kwa mvuke | tambi | tambi za kijapani</annotation>
		<annotation cp="🍜" type="tts">bakuli lenye tambi</annotation>
		<annotation cp="🍺">baa | bia | kikombe | kikombe cha bia | kinywaji</annotation>
		<annotation cp="🍻">baa | bia | gonganisha | kikombe | kinywaji | vikombe vya bia vinavyogonganishwa</annotation>
		<annotation cp="🍻" type="tts">vikombe vya bia vinavyogonganishwa</annotation>
		<annotation cp="🌄">asubuhi | hali ya hewa | jua | macheo | macheo kwenye milima | mlima</annotation>
		<annotation cp="♨">chemchemi za maji moto | chemichemi | chemichemi za maji ya moto | moto | mvuke</annotation>
		<annotation cp="⛴">boti | feri | kivuko</annotation>
		<annotation cp="⛴" type="tts">feri</annotation>
		<annotation cp="🛬">gari | inawasili | kutua | kuwasili | ndege | ndege inayowasili</annotation>
		<annotation cp="🚠">gari | gari linalosafiri kwenye kamba zilizoning’inizwa hewani | gari linalosafiri milimani kwa kamba | kebo</annotation>
		<annotation cp="🚡">gari | gari linalosafiri kwenye kamba zilizoning’inizwa hewani | hewani | kebo | njia ya kamba | njia ya tramu | tramu inayosafiri angani kwa kamba</annotation>
		<annotation cp="🌒">anga | hali ya hewa | kuanza | mwezi | mwezi mwandamo</annotation>
		<annotation cp="🌘">anga | hali ya hewa | kuisha | mwezi | mwezi kongo | mwezi mwandamo</annotation>
		<annotation cp="🌠">anga | kimwondo | kuanguka | nyota</annotation>
		<annotation cp="🌌">anga | hali ya jewa | kilimia</annotation>
		<annotation cp="🔥">moto | mwale | zana</annotation>
		<annotation cp="🪄">kifimbo cha miujiza | mchawi | muujiza</annotation>
		<annotation cp="🪄" type="tts">kifimbo cha miujiza</annotation>
		<annotation cp="🧩">dokezo | fumbo | fungamana | kipande | kipande cha mchezo wa mafumbo | mchezofumbo</annotation>
		<annotation cp="🧩" type="tts">kipande cha mchezo wa mafumbo</annotation>
		<annotation cp="👓">jicho | mavazi | miwani | miwani ya macho</annotation>
		<annotation cp="🔈">sauti | sauti ya chini ya spika | spika</annotation>
		<annotation cp="🔈" type="tts">sauti ya chini ya spika</annotation>
		<annotation cp="💽">diski | diski ndogo | kompyuta | mwangaza</annotation>
		<annotation cp="💿">blu-ray | cd | diski | diski ya kutumia mwangaza | dvd | kompyuta | mwangaza</annotation>
		<annotation cp="💿" type="tts">diski ya kutumia mwangaza</annotation>
		<annotation cp="📀">blu-ray | cd | diski | diski dijitali | kompyuta | mwangaza</annotation>
		<annotation cp="💹">benki | chati | chati inayopanda yenye yeni | grafu | juu | kupanda | ongezeka | pesa | sarafu | soko | uelekeo | yeni</annotation>
		<annotation cp="🧬">dna | jenetiki | jeni | mageuko | maisha | mwanabiolojia</annotation>
		<annotation cp="🛒">kigari cha kununulia bidhaa | mkokoteni | toroli | ununuzi</annotation>
		<annotation cp="🛒" type="tts">kigari cha kununulia bidhaa</annotation>
		<annotation cp="📵">hapana | katazwa | marufuku | simu | simu ya mkononi | simu za mkononi haziruhusiwi | siyo | ya mkononi</annotation>
		<annotation cp="☣">tahadhari ya kibilojia | tahadhari ya kibiolojia</annotation>
		<annotation cp="☣" type="tts">tahadhari ya kibilojia</annotation>
		<annotation cp="♏">nge | nyota ya nge | zodiaki</annotation>
		<annotation cp="♏" type="tts">nyota ya nge</annotation>
		<annotation cp="🔅">chini | fifia | kitufe cha kufifisha mwanga | kitufe cha kufifiza mwanga | kung’aa</annotation>
		<annotation cp="🔅" type="tts">kitufe cha kufifisha mwanga</annotation>
		<annotation cp="💱">benki | pesa | sarafu | sarafu mbalimbali | ubadilishaji wa pesa | ubadilishanaji wa sarafu</annotation>
		<annotation cp="💱" type="tts">ubadilishanaji wa sarafu</annotation>
		<annotation cp="💲">alama nzito ya dola | dola | pesa | sarafu</annotation>
		<annotation cp="💲" type="tts">alama nzito ya dola</annotation>
		<annotation cp="🆓">huru | kitufe cheney neno ‘FREE’ | kitufe chenye neno ‘FREE’</annotation>
	</annotations>
</ldml>
