<?xml version="1.0" encoding="UTF-8" ?>
<!DOCTYPE ldml SYSTEM "../../common/dtd/ldml.dtd">
<!-- Copyright © 1991-2022 Unicode, Inc.
For terms of use, see http://www.unicode.org/copyright.html
SPDX-License-Identifier: Unicode-DFS-2016
CLDR data files are interpreted according to the LDML specification (http://unicode.org/reports/tr35/)
-->
<ldml>
	<identity>
		<version number="$Revision$"/>
		<language type="de"/>
	</identity>
	<segmentations>
		<segmentation type="SentenceBreak">
			<!-- From ULI data, http://uli.unicode.org -->
			<suppressions type="standard">
				<suppression>Port.</suppression>
				<suppression>Alt.</suppression>
				<suppression>Di.</suppression>
				<suppression>Ges.</suppression>
				<suppression>frz.</suppression>
				<suppression>entspr.</suppression>
				<suppression>Gebr.</suppression>
				<suppression>erw.</suppression>
				<suppression>Frl.</suppression>
				<suppression>Inh.</suppression>
				<suppression>k.u.k.</suppression>
				<suppression>Ca.</suppression>
				<suppression>J.D.</suppression>
				<suppression>Ausg.</suppression>
				<suppression>evtl.</suppression>
				<suppression>So.</suppression>
				<suppression>i.B.</suppression>
				<suppression>s.a.</suppression>
				<suppression>kgl.</suppression>
				<suppression>Sept.</suppression>
				<suppression>o.B.</suppression>
				<suppression>Sa.</suppression>
				<suppression>ev.</suppression>
				<suppression>Dez.</suppression>
				<suppression>am.</suppression>
				<suppression>i.R.</suppression>
				<suppression>eigtl.</suppression>
				<suppression>i.J.</suppression>
				<suppression>u.U.</suppression>
				<suppression>G.</suppression>
				<suppression>z.Hd.</suppression>
				<suppression>u.A.w.g.</suppression>
				<suppression>Kl.</suppression>
				<suppression>Spezif.</suppression>
				<suppression>Obj.</suppression>
				<suppression>Ing.</suppression>
				<suppression>D. h.</suppression>
				<suppression>Folg.</suppression>
				<suppression>Akt.</suppression>
				<suppression>i.A.</suppression>
				<suppression>Msp.</suppression>
				<suppression>U.U.</suppression>
				<suppression>Chr.</suppression>
				<suppression>R.</suppression>
				<suppression>Einh.</suppression>
				<suppression>schwäb.</suppression>
				<suppression>Vgl.</suppression>
				<suppression>Aug.</suppression>
				<suppression>Dipl.-Ing.</suppression>
				<suppression>W.</suppression>
				<suppression>B.</suppression>
				<suppression>U. U.</suppression>
				<suppression>J.</suppression>
				<suppression>Fa.</suppression>
				<suppression>Mo.</suppression>
				<suppression>n.u.Z.</suppression>
				<suppression>Op.</suppression>
				<suppression>Mrd.</suppression>
				<suppression>e.h.</suppression>
				<suppression>Hr.</suppression>
				<suppression>Hrn.</suppression>
				<suppression>Ztr.</suppression>
				<suppression>k. u. k.</suppression>
				<suppression>Bibl.</suppression>
				<suppression>d.Ä.</suppression>
				<suppression>b.</suppression>
				<suppression>M.</suppression>
				<suppression>i.H.</suppression>
				<suppression>v.R.w.</suppression>
				<suppression>o.A.</suppression>
				<suppression>St.</suppression>
				<suppression>Dr.</suppression>
				<suppression>Fn.</suppression>
				<suppression>Abs.</suppression>
				<suppression>Rd.</suppression>
				<suppression>Dtzd.</suppression>
				<suppression>Jahrh.</suppression>
				<suppression>Z.</suppression>
				<suppression>Std.</suppression>
				<suppression>n. Chr.</suppression>
				<suppression>möbl.</suppression>
				<suppression>tägl.</suppression>
				<suppression>gest.</suppression>
				<suppression>gesch.</suppression>
				<suppression>z.B.</suppression>
				<suppression>Hbf.</suppression>
				<suppression>Abt.</suppression>
				<suppression>A.M.</suppression>
				<suppression>e.Wz.</suppression>
				<suppression>v.T.</suppression>
				<suppression>Nov.</suppression>
				<suppression>z.</suppression>
				<suppression>Prot.</suppression>
				<suppression>U.S.</suppression>
				<suppression>Wg.</suppression>
				<suppression>u.v.a.</suppression>
				<suppression>Adr.</suppression>
				<suppression>App.</suppression>
				<suppression>ggf.</suppression>
				<suppression>ggfs.</suppression>
				<suppression>Jan.</suppression>
				<suppression>O.</suppression>
				<suppression>Rel.</suppression>
				<suppression>od.</suppression>
				<suppression>Pfd.</suppression>
				<suppression>a.a.O.</suppression>
				<suppression>p.Adr.</suppression>
				<suppression>P.</suppression>
				<suppression>Gem.</suppression>
				<suppression>v. Chr.</suppression>
				<suppression>Art.</suppression>
				<suppression>z.Z.</suppression>
				<suppression>S.A.</suppression>
				<suppression>i.V.</suppression>
				<suppression>verh.</suppression>
				<suppression>Ausschl.</suppression>
				<suppression>m.W.</suppression>
				<suppression>Dir.</suppression>
				<suppression>Verf.</suppression>
				<suppression>Sek.</suppression>
				<suppression>r.</suppression>
				<suppression>Chin.</suppression>
				<suppression>Feb.</suppression>
				<suppression>Int.</suppression>
				<suppression>Sep.</suppression>
				<suppression>Gesch.</suppression>
				<suppression>schweiz.</suppression>
				<suppression>Bed.</suppression>
				<suppression>a.Rh.</suppression>
				<suppression>jew.</suppression>
				<suppression>vgl.</suppression>
				<suppression>a.M.</suppression>
				<suppression>Str.</suppression>
				<suppression>exkl.</suppression>
				<suppression>gek.</suppression>
				<suppression>Erf.</suppression>
				<suppression>u.Ä.</suppression>
				<suppression>ehem.</suppression>
				<suppression>näml.</suppression>
				<suppression>u. Z.</suppression>
				<suppression>v. u. Z.</suppression>
				<suppression>sog.</suppression>
				<suppression>C.</suppression>
				<suppression>Dipl.-Kfm.</suppression>
				<suppression>mtl.</suppression>
				<suppression>Hrsg.</suppression>
				<suppression>Qu.</suppression>
				<suppression>röm.</suppression>
				<suppression>u.</suppression>
				<suppression>U.</suppression>
				<suppression>Adj.</suppression>
				<suppression>Kap.</suppression>
				<suppression>hpts.</suppression>
				<suppression>a.D.</suppression>
				<suppression>gedr.</suppression>
				<suppression>Best.</suppression>
				<suppression>N.</suppression>
				<suppression>v.u.Z.</suppression>
				<suppression>Phys.</suppression>
				<suppression>Fr.</suppression>
				<suppression>d.J.</suppression>
				<suppression>Reg.-Bez.</suppression>
				<suppression>m.E.</suppression>
				<suppression>schles.</suppression>
				<suppression>Max.</suppression>
				<suppression>Ltd.</suppression>
				<suppression>südd.</suppression>
				<suppression>inkl.</suppression>
				<suppression>geb.</suppression>
				<suppression>Ggf.</suppression>
				<suppression>Inc.</suppression>
				<suppression>kath.</suppression>
				<suppression>kfm.</suppression>
				<suppression>Nr.</suppression>
				<suppression>Proz.</suppression>
				<suppression>Dim.</suppression>
				<suppression>verw.</suppression>
				<suppression>Reg.</suppression>
				<suppression>Dat.</suppression>
				<suppression>Evtl.</suppression>
				<suppression>led.</suppression>
				<suppression>F.</suppression>
				<suppression>Test.</suppression>
				<suppression>Schr.</suppression>
				<suppression>Do.</suppression>
				<suppression>PIN.</suppression>
				<suppression>Z. Zt.</suppression>
				<suppression>v.Chr.</suppression>
				<suppression>Tägl.</suppression>
				<suppression>s.</suppression>
				<suppression>amtl.</suppression>
				<suppression>Temp.</suppression>
				<suppression>Mind.</suppression>
				<suppression>e.V.</suppression>
				<suppression>Abw.</suppression>
				<suppression>P.M.</suppression>
				<suppression>F.f.</suppression>
				<suppression>a.a.S.</suppression>
				<suppression>Mod.</suppression>
				<suppression>Co.</suppression>
				<suppression>Min.</suppression>
				<suppression>Allg.</suppression>
				<suppression>Geograph.</suppression>
				<suppression>Jr.</suppression>
				<suppression>Urspr.</suppression>
				<suppression>Apr.</suppression>
				<suppression>Z. B.</suppression>
				<suppression>v.H.</suppression>
				<suppression>A.</suppression>
				<suppression>einschl.</suppression>
				<suppression>Trans.</suppression>
				<suppression>zzgl.</suppression>
				<suppression>StR.</suppression>
				<suppression>Fam.</suppression>
				<suppression>I.</suppression>
				<suppression>jhrl.</suppression>
				<suppression>u.a.</suppression>
				<suppression>Ben.</suppression>
				<suppression>o.g.</suppression>
				<suppression>Kfm.</suppression>
				<suppression>Konv.</suppression>
				<suppression>Mi.</suppression>
				<suppression>L.</suppression>
				<suppression>beil.</suppression>
				<suppression>T.</suppression>
				<suppression>Ursprüngl.</suppression>
				<suppression>röm.-kath.</suppression>
				<suppression>Okt.</suppression>
				<suppression>u.ä.</suppression>
				<suppression>Tel.</suppression>
				<suppression>D.</suppression>
				<suppression>Ber.</suppression>
				<suppression>Kop.</suppression>
				<suppression>Mio.</suppression>
				<suppression>Y.</suppression>
				<suppression>U.S.A.</suppression>
				<suppression>v. H.</suppression>
				<suppression>Forts. f.</suppression>
				<suppression>Rep.</suppression>
				<suppression>Hptst.</suppression>
				<suppression>österr.</suppression>
			</suppressions>
		</segmentation>
	</segmentations>
</ldml>
