<?xml version="1.0" encoding="UTF-8" ?>
<!DOCTYPE ldml SYSTEM "../../common/dtd/ldml.dtd">
<!-- Copyright © 1991-2022 Unicode, Inc.
For terms of use, see http://www.unicode.org/copyright.html
SPDX-License-Identifier: Unicode-DFS-2016
CLDR data files are interpreted according to the LDML specification (http://unicode.org/reports/tr35/)
-->
<ldml>
	<identity>
		<version number="$Revision$"/>
		<language type="el"/>
	</identity>
	<segmentations>
		<segmentation type="SentenceBreak">
			<variables>
				<variable id="$STerm">[[$STerm] [\u003B \u037E]]</variable>
			</variables>
		</segmentation>
	</segmentations>
</ldml>
