<?xml version="1.0" encoding="UTF-8" ?>
<!DOCTYPE ldml SYSTEM "../../common/dtd/ldml.dtd">
<!-- Copyright © 1991-2022 Unicode, Inc.
For terms of use, see http://www.unicode.org/copyright.html
SPDX-License-Identifier: Unicode-DFS-2016
CLDR data files are interpreted according to the LDML specification (http://unicode.org/reports/tr35/)
-->
<ldml>
	<identity>
		<version number="$Revision$"/>
		<language type="en"/>
	</identity>
	<segmentations>
		<segmentation type="SentenceBreak">
			<!-- From ULI data, http://uli.unicode.org -->
			<suppressions type="standard">
				<suppression>L.P.</suppression>
				<suppression>Alt.</suppression>
				<suppression>Approx.</suppression>
				<suppression>E.G.</suppression>
				<suppression>O.</suppression>
				<suppression>Maj.</suppression>
				<suppression>Misc.</suppression>
				<suppression>P.O.</suppression>
				<suppression>J.D.</suppression>
				<suppression>Jam.</suppression>
				<suppression>Card.</suppression>
				<suppression>Dec.</suppression>
				<suppression>Sept.</suppression>
				<suppression>MR.</suppression>
				<suppression>Long.</suppression>
				<suppression>Hat.</suppression>
				<suppression>G.</suppression>
				<suppression>Link.</suppression>
				<suppression>DC.</suppression>
				<suppression>D.C.</suppression>
				<suppression>M.T.</suppression>
				<suppression>Hz.</suppression>
				<suppression>Mrs.</suppression>
				<suppression>By.</suppression>
				<suppression>Act.</suppression>
				<suppression>Var.</suppression>
				<suppression>N.V.</suppression>
				<suppression>Aug.</suppression>
				<suppression>B.</suppression>
				<suppression>S.A.</suppression>
				<suppression>Up.</suppression>
				<suppression>Job.</suppression>
				<suppression>Num.</suppression>
				<suppression>M.I.T.</suppression>
				<suppression>Ok.</suppression>
				<suppression>Org.</suppression>
				<suppression>Ex.</suppression>
				<suppression>Cont.</suppression>
				<suppression>U.</suppression>
				<suppression>Mart.</suppression>
				<suppression>Fn.</suppression>
				<suppression>Abs.</suppression>
				<suppression>Lt.</suppression>
				<suppression>OK.</suppression>
				<suppression>Z.</suppression>
				<suppression>E.</suppression>
				<suppression>Kb.</suppression>
				<suppression>Est.</suppression>
				<suppression>A.M.</suppression>
				<suppression>L.A.</suppression>
				<suppression>Prof.</suppression>
				<suppression>U.S.</suppression>
				<suppression>Nov.</suppression>
				<suppression>Ph.D.</suppression>
				<suppression>Mar.</suppression>
				<suppression>I.T.</suppression>
				<suppression>exec.</suppression>
				<suppression>Jan.</suppression>
				<suppression>N.Y.</suppression>
				<suppression>X.</suppression>
				<suppression>Md.</suppression>
				<suppression>Op.</suppression>
				<suppression>vs.</suppression>
				<suppression>D.A.</suppression>
				<suppression>A.D.</suppression>
				<suppression>R.L.</suppression>
				<suppression>P.M.</suppression>
				<suppression>Or.</suppression>
				<suppression>M.R.</suppression>
				<suppression>Cap.</suppression>
				<suppression>PC.</suppression>
				<suppression>Feb.</suppression>
				<suppression>Exec.</suppression>
				<suppression>I.e.</suppression>
				<suppression>Sep.</suppression>
				<suppression>Gb.</suppression>
				<suppression>K.</suppression>
				<suppression>U.S.C.</suppression>
				<suppression>Mt.</suppression>
				<suppression>S.</suppression>
				<suppression>A.S.</suppression>
				<suppression>C.O.D.</suppression>
				<suppression>Capt.</suppression>
				<suppression>Col.</suppression>
				<suppression>In.</suppression>
				<suppression>C.F.</suppression>
				<suppression>Adj.</suppression>
				<suppression>AD.</suppression>
				<suppression>I.D.</suppression>
				<suppression>Mgr.</suppression>
				<suppression>R.T.</suppression>
				<suppression>B.V.</suppression>
				<suppression>M.</suppression>
				<suppression>Conn.</suppression>
				<suppression>Yr.</suppression>
				<suppression>Rev.</suppression>
				<suppression>Phys.</suppression>
				<suppression>pp.</suppression>
				<suppression>Ms.</suppression>
				<suppression>To.</suppression>
				<suppression>Sgt.</suppression>
				<suppression>J.K.</suppression>
				<suppression>Nr.</suppression>
				<suppression>Jun.</suppression>
				<suppression>Fri.</suppression>
				<suppression>S.A.R.</suppression>
				<suppression>Lev.</suppression>
				<suppression>Lt.Cdr.</suppression>
				<suppression>Def.</suppression>
				<suppression>F.</suppression>
				<suppression>Do.</suppression>
				<suppression>Joe.</suppression>
				<suppression>Id.</suppression>
				<suppression>Mr.</suppression>
				<suppression>Dept.</suppression>
				<suppression>Is.</suppression>
				<suppression>Pvt.</suppression>
				<suppression>Diff.</suppression>
				<suppression>Hon.B.A.</suppression>
				<suppression>Q.</suppression>
				<suppression>Mb.</suppression>
				<suppression>On.</suppression>
				<suppression>Min.</suppression>
				<suppression>J.B.</suppression>
				<suppression>Ed.</suppression>
				<suppression>AB.</suppression>
				<suppression>A.</suppression>
				<suppression>S.p.A.</suppression>
				<suppression>I.</suppression>
				<suppression>a.m.</suppression>
				<suppression>Comm.</suppression>
				<suppression>Go.</suppression>
				<suppression>VS.</suppression>
				<suppression>L.</suppression>
				<suppression>All.</suppression>
				<suppression>PP.</suppression>
				<suppression>P.V.</suppression>
				<suppression>T.</suppression>
				<suppression>K.R.</suppression>
				<suppression>Etc.</suppression>
				<suppression>D.</suppression>
				<suppression>Adv.</suppression>
				<suppression>Lib.</suppression>
				<suppression>E.g.</suppression>
				<suppression>Pro.</suppression>
				<suppression>U.S.A.</suppression>
				<suppression>S.E.</suppression>
				<suppression>AA.</suppression>
				<suppression>Rep.</suppression>
				<suppression>Sq.</suppression>
				<suppression>As.</suppression>
			</suppressions>
		</segmentation>
	</segmentations>
</ldml>
