<?xml version="1.0" encoding="UTF-8" ?>
<!DOCTYPE ldml SYSTEM "../../common/dtd/ldml.dtd">
<!-- Copyright © 1991-2022 Unicode, Inc.
For terms of use, see http://www.unicode.org/copyright.html
SPDX-License-Identifier: Unicode-DFS-2016
CLDR data files are interpreted according to the LDML specification (http://unicode.org/reports/tr35/)
-->
<ldml>
	<identity>
		<version number="$Revision$"/>
		<language type="es"/>
	</identity>
	<segmentations>
		<segmentation type="SentenceBreak">
			<!-- From ULI data, http://uli.unicode.org -->
			<suppressions type="standard">
				<suppression>Rdos.</suppression>
				<suppression>JJ.OO.</suppression>
				<suppression>Sres.</suppression>
				<suppression>fig.</suppression>
				<suppression>may.</suppression>
				<suppression>RR.HH.</suppression>
				<suppression>oct.</suppression>
				<suppression>cap.</suppression>
				<suppression>mié.</suppression>
				<suppression>doc.</suppression>
				<suppression>Excmo.</suppression>
				<suppression>Trab.</suppression>
				<suppression>Excmos.</suppression>
				<suppression>Kit.</suppression>
				<suppression>Inc.</suppression>
				<suppression>FF.CC.</suppression>
				<suppression>DC.</suppression>
				<suppression>ago.</suppression>
				<suppression>trad.</suppression>
				<suppression>SA.</suppression>
				<suppression>Rvdos.</suppression>
				<suppression>ed.</suppression>
				<suppression>Exmo.</suppression>
				<suppression>jul.</suppression>
				<suppression>col.</suppression>
				<suppression>RAM.</suppression>
				<suppression>Srtas.</suppression>
				<suppression>ene.</suppression>
				<suppression>Rol.</suppression>
				<suppression>Fabric.</suppression>
				<suppression>Comm.</suppression>
				<suppression>vid.</suppression>
				<suppression>Da.</suppression>
				<suppression>dic.</suppression>
				<suppression>ss.</suppression>
				<suppression>abr.</suppression>
				<suppression>ntra.</suppression>
				<suppression>Sra.</suppression>
				<suppression>dtor.</suppression>
				<suppression>cf.</suppression>
				<suppression>dom.</suppression>
				<suppression>prov.</suppression>
				<suppression>Emm.</suppression>
				<suppression>Sr.</suppression>
				<suppression>licdo.</suppression>
				<suppression>p.ej.</suppression>
				<suppression>bol.</suppression>
				<suppression>figs.</suppression>
				<suppression>Vda.</suppression>
				<suppression>Dr.</suppression>
				<suppression>ntro.</suppression>
				<suppression>Desv.</suppression>
				<suppression>O.M.</suppression>
				<suppression>Ldo.</suppression>
				<suppression>Drs.</suppression>
				<suppression>sáb.</suppression>
				<suppression>feb.</suppression>
				<suppression>Ltda.</suppression>
				<suppression>Lcda.</suppression>
				<suppression>Exma.</suppression>
				<suppression>C.V.</suppression>
				<suppression>SS.MM.</suppression>
				<suppression>Lda.</suppression>
				<suppression>U.S.</suppression>
				<suppression>hnos.</suppression>
				<suppression>R.D.</suppression>
				<suppression>Korn.</suppression>
				<suppression>v.gr.</suppression>
				<suppression>vs.</suppression>
				<suppression>Ilmas.</suppression>
				<suppression>Rdo.</suppression>
				<suppression>ej.</suppression>
				<suppression>vie.</suppression>
				<suppression>jue.</suppression>
				<suppression>a. C.</suppression>
				<suppression>Ilmos.</suppression>
				<suppression>e. c.</suppression>
				<suppression>Excma.</suppression>
				<suppression>afma.</suppression>
				<suppression>licda.</suppression>
				<suppression>Em.</suppression>
				<suppression>K.</suppression>
				<suppression>sras.</suppression>
				<suppression>MM.</suppression>
				<suppression>fund.</suppression>
				<suppression>Mons.</suppression>
				<suppression>Lcdo.</suppression>
				<suppression>afmo.</suppression>
				<suppression>C.</suppression>
				<suppression>A.C.</suppression>
				<suppression>dptos.</suppression>
				<suppression>Col.</suppression>
				<suppression>Srta.</suppression>
				<suppression>Av.</suppression>
				<suppression>Ant.</suppression>
				<suppression>depto.</suppression>
				<suppression>Var.</suppression>
				<suppression>H.P.</suppression>
				<suppression>D.</suppression>
				<suppression>M.</suppression>
				<suppression>C.P.</suppression>
				<suppression>Rev.</suppression>
				<suppression>Rvdmos.</suppression>
				<suppression>Fr.</suppression>
				<suppression>Ilmo.</suppression>
				<suppression>afmos.</suppression>
				<suppression>Ltd.</suppression>
				<suppression>afmas.</suppression>
				<suppression>prof.</suppression>
				<suppression>lun.</suppression>
				<suppression>SS.AA.</suppression>
				<suppression>Sol.</suppression>
				<suppression>nov.</suppression>
				<suppression>mss.</suppression>
				<suppression>Dña.</suppression>
				<suppression>Seg.</suppression>
				<suppression>mar.</suppression>
				<suppression>Rvdmo.</suppression>
				<suppression>Reg.</suppression>
				<suppression>ms.</suppression>
				<suppression>Sras.</suppression>
				<suppression>sres.</suppression>
				<suppression>U.S.A.</suppression>
				<suppression>Sta.</suppression>
				<suppression>Sdad.</suppression>
				<suppression>Dra.</suppression>
				<suppression>srs.</suppression>
				<suppression>R.U.</suppression>
				<suppression>deptos.</suppression>
				<suppression>dpto.</suppression>
				<suppression>jun.</suppression>
				<suppression>bco.</suppression>
				<suppression>Cía.</suppression>
				<suppression>Id.</suppression>
				<suppression>Mr.</suppression>
				<suppression>e.g.</suppression>
				<suppression>C.S.</suppression>
				<suppression>Excmas.</suppression>
				<suppression>Dª.</suppression>
				<suppression>Rvdo.</suppression>
				<suppression>Lic.</suppression>
				<suppression>cfr.</suppression>
				<suppression>Corp.</suppression>
				<suppression>Dto.</suppression>
				<suppression>Ilma.</suppression>
				<suppression>L.</suppression>
				<suppression>All.</suppression>
				<suppression>PP.</suppression>
				<suppression>d. C.</suppression>
				<suppression>Ltdo.</suppression>
				<suppression>mtro.</suppression>
				<suppression>Mrs.</suppression>
				<suppression>Desc.</suppression>
				<suppression>Avda.</suppression>
				<suppression>Exmas.</suppression>
				<suppression>a. e. c.</suppression>
				<suppression>Bien.</suppression>
				<suppression>Exmos.</suppression>
				<suppression>AA.</suppression>
				<suppression>Sto.</suppression>
				<suppression>CA.</suppression>
				<suppression>sept.</suppression>
				<suppression>Exc.</suppression>
				<suppression>c/c.</suppression>
			</suppressions>
		</segmentation>
	</segmentations>
</ldml>
