<?xml version="1.0" encoding="UTF-8" ?>
<!DOCTYPE ldml SYSTEM "../../common/dtd/ldml.dtd">
<!-- Copyright © 1991-2022 Unicode, Inc.
For terms of use, see http://www.unicode.org/copyright.html
SPDX-License-Identifier: Unicode-DFS-2016
CLDR data files are interpreted according to the LDML specification (http://unicode.org/reports/tr35/)
-->
<ldml>
	<identity>
		<version number="$Revision$"/>
		<language type="fr"/>
	</identity>
	<segmentations>
		<segmentation type="SentenceBreak">
			<!-- From ULI data, http://uli.unicode.org -->
			<suppressions type="standard">
				<suppression>aux.</suppression>
				<suppression>config.</suppression>
				<suppression>collab.</suppression>
				<suppression>M.</suppression>
				<suppression>dim.</suppression>
				<suppression>imprim.</suppression>
				<suppression>oct.</suppression>
				<suppression>syst.</suppression>
				<suppression>bull.</suppression>
				<suppression>MM.</suppression>
				<suppression>doc.</suppression>
				<suppression>P.O.</suppression>
				<suppression>hôp.</suppression>
				<suppression>Mart.</suppression>
				<suppression>juil.</suppression>
				<suppression>broch.</suppression>
				<suppression>adr.</suppression>
				<suppression>symb.</suppression>
				<suppression>C.</suppression>
				<suppression>anc.</suppression>
				<suppression>voit.</suppression>
				<suppression>Jr.</suppression>
				<suppression>graph.</suppression>
				<suppression>dir.</suppression>
				<suppression>éd.</suppression>
				<suppression>fig.</suppression>
				<suppression>édit.</suppression>
				<suppression>niv.</suppression>
				<suppression>quart.</suppression>
				<suppression>cam.</suppression>
				<suppression>éval.</suppression>
				<suppression>anon.</suppression>
				<suppression>réf.</suppression>
				<suppression>Comm.</suppression>
				<suppression>Prof.</suppression>
				<suppression>févr.</suppression>
				<suppression>indus.</suppression>
				<suppression>DC.</suppression>
				<suppression>équiv.</suppression>
				<suppression>illustr.</suppression>
				<suppression>acoust.</suppression>
				<suppression>nov.</suppression>
				<suppression>L.</suppression>
				<suppression>All.</suppression>
				<suppression>U.S.</suppression>
				<suppression>S.M.A.R.T.</suppression>
				<suppression>sept.</suppression>
				<suppression>avr.</suppression>
				<suppression>jeu.</suppression>
				<suppression>dest.</suppression>
				<suppression>P.-D. G.</suppression>
				<suppression>ill.</suppression>
				<suppression>coll.</suppression>
				<suppression>encycl.</suppression>
				<suppression>mer.</suppression>
				<suppression>Desc.</suppression>
				<suppression>ven.</suppression>
				<suppression>P.</suppression>
				<suppression>lun.</suppression>
				<suppression>Inc.</suppression>
				<suppression>sam.</suppression>
				<suppression>D.</suppression>
				<suppression>append.</suppression>
				<suppression>Var.</suppression>
				<suppression>categ.</suppression>
				<suppression>janv.</suppression>
				<suppression>S.A.</suppression>
				<suppression>imm.</suppression>
				<suppression>U.S.A.</suppression>
				<suppression>mar.</suppression>
				<suppression>exempl.</suppression>
				<suppression>déc.</suppression>
				<suppression>ann.</suppression>
				<suppression>U.</suppression>
				<suppression>synth.</suppression>
				<suppression>dict.</suppression>
				<suppression>av. J.-C.</suppression>
				<suppression>W.</suppression>
				<suppression>Op.</suppression>
				<suppression>ap. J.-C.</suppression>
				<suppression>gouv.</suppression>
				<suppression>trav. publ.</suppression>
			</suppressions>
		</segmentation>
	</segmentations>
</ldml>
