<?xml version="1.0" encoding="UTF-8" ?>
<!DOCTYPE ldml SYSTEM "../../common/dtd/ldml.dtd">
<!-- Copyright © 1991-2022 Unicode, Inc.
For terms of use, see http://www.unicode.org/copyright.html
SPDX-License-Identifier: Unicode-DFS-2016
CLDR data files are interpreted according to the LDML specification (http://unicode.org/reports/tr35/)
-->
<ldml>
	<identity>
		<version number="$Revision$"/>
		<language type="pt"/>
	</identity>
	<segmentations>
		<segmentation type="SentenceBreak">
			<!-- From ULI data, http://uli.unicode.org -->
			<suppressions type="standard">
				<suppression>psicol.</suppression>
				<suppression>fig.</suppression>
				<suppression>compl.</suppression>
				<suppression>rep.</suppression>
				<suppression>cap.</suppression>
				<suppression>doc.</suppression>
				<suppression>fisiol.</suppression>
				<suppression>dipl.</suppression>
				<suppression>astron.</suppression>
				<suppression>port.</suppression>
				<suppression>eletrôn.</suppression>
				<suppression>geom.</suppression>
				<suppression>mov.</suppression>
				<suppression>ago.</suppression>
				<suppression>trad.</suppression>
				<suppression>arquit.</suppression>
				<suppression>dez.</suppression>
				<suppression>ed.</suppression>
				<suppression>apt.</suppression>
				<suppression>Exmo.</suppression>
				<suppression>col.</suppression>
				<suppression>ff.</suppression>
				<suppression>univ.</suppression>
				<suppression>res.</suppression>
				<suppression>R.</suppression>
				<suppression>transp.</suppression>
				<suppression>D.C</suppression>
				<suppression>l.</suppression>
				<suppression>des.</suppression>
				<suppression>fev.</suppression>
				<suppression>abr.</suppression>
				<suppression>liter.</suppression>
				<suppression>lat.</suppression>
				<suppression>Dir.</suppression>
				<suppression>cf.</suppression>
				<suppression>adm.</suppression>
				<suppression>fot.</suppression>
				<suppression>p.m.</suppression>
				<suppression>P.M.</suppression>
				<suppression>créd.</suppression>
				<suppression>jur.</suppression>
				<suppression>com.</suppression>
				<suppression>anat.</suppression>
				<suppression>dir.</suppression>
				<suppression>end.</suppression>
				<suppression>fís.</suppression>
				<suppression>E.</suppression>
				<suppression>Est.</suppression>
				<suppression>cont.</suppression>
				<suppression>matem.</suppression>
				<suppression>Drs.</suppression>
				<suppression>gên.</suppression>
				<suppression>neol.</suppression>
				<suppression>pág.</suppression>
				<suppression>índ.</suppression>
				<suppression>Ltda.</suppression>
				<suppression>Exma.</suppression>
				<suppression>esp.</suppression>
				<suppression>ingl.</suppression>
				<suppression>tecnol.</suppression>
				<suppression>Mar.</suppression>
				<suppression>símb.</suppression>
				<suppression>Pe.</suppression>
				<suppression>pal.</suppression>
				<suppression>filos.</suppression>
				<suppression>V.T.</suppression>
				<suppression>fasc.</suppression>
				<suppression>vs.</suppression>
				<suppression>mai.</suppression>
				<suppression>S.A.</suppression>
				<suppression>profa.</suppression>
				<suppression>N.Sra.</suppression>
				<suppression>r.s.v.p.</suppression>
				<suppression>cel.</suppression>
				<suppression>mat.</suppression>
				<suppression>abrev.</suppression>
				<suppression>out.</suppression>
				<suppression>long.</suppression>
				<suppression>aux.</suppression>
				<suppression>arit.</suppression>
				<suppression>aer.</suppression>
				<suppression>jul.</suppression>
				<suppression>lin.</suppression>
				<suppression>S.</suppression>
				<suppression>méd.</suppression>
				<suppression>odontol.</suppression>
				<suppression>org.</suppression>
				<suppression>A.C.</suppression>
				<suppression>jun.</suppression>
				<suppression>déb.</suppression>
				<suppression>Av.</suppression>
				<suppression>álg.</suppression>
				<suppression>sup.</suppression>
				<suppression>fl.</suppression>
				<suppression>odont.</suppression>
				<suppression>caps.</suppression>
				<suppression>relat.</suppression>
				<suppression>organiz.</suppression>
				<suppression>hist.</suppression>
				<suppression>Fr.</suppression>
				<suppression>Ilmo.</suppression>
				<suppression>fem.</suppression>
				<suppression>ap.</suppression>
				<suppression>Ltd.</suppression>
				<suppression>pol.</suppression>
				<suppression>séc.</suppression>
				<suppression>prof.</suppression>
				<suppression>cx.</suppression>
				<suppression>nov.</suppression>
				<suppression>quím.</suppression>
				<suppression>mús.</suppression>
				<suppression>agric.</suppression>
				<suppression>mar.</suppression>
				<suppression>W.C.</suppression>
				<suppression>fr.</suppression>
				<suppression>cat.</suppression>
				<suppression>jan.</suppression>
				<suppression>pron.</suppression>
				<suppression>rel.</suppression>
				<suppression>autom.</suppression>
				<suppression>Sta.</suppression>
				<suppression>Dra.</suppression>
				<suppression>p.</suppression>
				<suppression>tel.</suppression>
				<suppression>div.</suppression>
				<suppression>p. ex.</suppression>
				<suppression>a.C.</suppression>
				<suppression>bras.</suppression>
				<suppression>Alm.</suppression>
				<suppression>Dr.</suppression>
				<suppression>comp.</suppression>
				<suppression>pq.</suppression>
				<suppression>arqueol.</suppression>
				<suppression>náut.</suppression>
				<suppression>biogr.</suppression>
				<suppression>f.</suppression>
				<suppression>círc.</suppression>
				<suppression>fac.</suppression>
				<suppression>d.C.</suppression>
				<suppression>apart.</suppression>
				<suppression>ex.</suppression>
				<suppression>Jr.</suppression>
				<suppression>set.</suppression>
				<suppression>tec.</suppression>
				<suppression>sociol.</suppression>
				<suppression>gram.</suppression>
				<suppression>ind.</suppression>
				<suppression>Ilma.</suppression>
				<suppression>vol.</suppression>
				<suppression>eng.</suppression>
				<suppression>rod.</suppression>
				<suppression>Ph.D.</suppression>
				<suppression>Dras.</suppression>
				<suppression>pp.</suppression>
				<suppression>elem.</suppression>
				<suppression>máq.</suppression>
				<suppression>cód.</suppression>
				<suppression>eletr.</suppression>
				<suppression>prod.</suppression>
				<suppression>ref.</suppression>
				<suppression>fil.</suppression>
				<suppression>a.m.</suppression>
				<suppression>A.M</suppression>
				<suppression>obs.</suppression>
				<suppression>N.T.</suppression>
				<suppression>contab.</suppression>
				<suppression>Sto.</suppression>
				<suppression>lit.</suppression>
				<suppression>educ.</suppression>
				<suppression>rementente</suppression>
				<suppression>desc.</suppression>
				<suppression>próx.</suppression>
			</suppressions>
		</segmentation>
	</segmentations>
</ldml>
